input,output,modulus,operation
31 85 113,3,113,addition
97 43 113,27,113,addition
90 112 113,89,113,addition
46 73 113,6,113,addition
6 15 113,21,113,addition
65 92 113,44,113,addition
91 51 113,29,113,addition
98 64 113,49,113,addition
50 72 113,9,113,addition
102 51 113,40,113,addition
46 50 113,96,113,addition
33 105 113,25,113,addition
78 18 113,96,113,addition
80 72 113,39,113,addition
26 63 113,89,113,addition
77 108 113,72,113,addition
83 61 113,31,113,addition
112 61 113,60,113,addition
24 55 113,79,113,addition
58 37 113,95,113,addition
49 96 113,32,113,addition
80 47 113,14,113,addition
60 4 113,64,113,addition
90 44 113,21,113,addition
65 109 113,61,113,addition
42 6 113,48,113,addition
43 107 113,37,113,addition
22 1 113,23,113,addition
98 75 113,60,113,addition
72 68 113,27,113,addition
100 69 113,56,113,addition
30 30 113,60,113,addition
36 38 113,74,113,addition
52 23 113,75,113,addition
37 72 113,109,113,addition
65 5 113,70,113,addition
85 7 113,92,113,addition
32 88 113,7,113,addition
110 35 113,32,113,addition
35 108 113,30,113,addition
53 50 113,103,113,addition
77 61 113,25,113,addition
93 16 113,109,113,addition
10 50 113,60,113,addition
44 58 113,102,113,addition
26 0 113,26,113,addition
47 102 113,36,113,addition
29 20 113,49,113,addition
104 89 113,80,113,addition
97 74 113,58,113,addition
101 67 113,55,113,addition
17 86 113,103,113,addition
83 25 113,108,113,addition
4 84 113,88,113,addition
87 46 113,20,113,addition
109 67 113,63,113,addition
0 84 113,84,113,addition
105 43 113,35,113,addition
25 3 113,28,113,addition
32 52 113,84,113,addition
107 29 113,23,113,addition
47 37 113,84,113,addition
58 110 113,55,113,addition
103 86 113,76,113,addition
113 18 113,18,113,addition
85 28 113,0,113,addition
60 46 113,106,113,addition
113 112 113,112,113,addition
62 2 113,64,113,addition
109 46 113,42,113,addition
38 64 113,102,113,addition
2 58 113,60,113,addition
51 48 113,99,113,addition
111 81 113,79,113,addition
40 11 113,51,113,addition
21 58 113,79,113,addition
91 109 113,87,113,addition
109 23 113,19,113,addition
21 33 113,54,113,addition
37 33 113,70,113,addition
44 30 113,74,113,addition
22 50 113,72,113,addition
16 26 113,42,113,addition
25 26 113,51,113,addition
110 26 113,23,113,addition
92 108 113,87,113,addition
47 87 113,21,113,addition
39 72 113,111,113,addition
96 112 113,95,113,addition
56 99 113,42,113,addition
91 6 113,97,113,addition
71 78 113,36,113,addition
61 93 113,41,113,addition
40 49 113,89,113,addition
67 77 113,31,113,addition
48 16 113,64,113,addition
24 107 113,18,113,addition
12 93 113,105,113,addition
49 53 113,102,113,addition
107 40 113,34,113,addition
61 65 113,13,113,addition
17 91 113,108,113,addition
69 74 113,30,113,addition
66 12 113,78,113,addition
109 30 113,26,113,addition
59 11 113,70,113,addition
70 17 113,87,113,addition
102 103 113,92,113,addition
25 49 113,74,113,addition
59 26 113,85,113,addition
9 104 113,0,113,addition
80 108 113,75,113,addition
80 90 113,57,113,addition
84 76 113,47,113,addition
48 76 113,11,113,addition
107 100 113,94,113,addition
112 59 113,58,113,addition
7 37 113,44,113,addition
87 24 113,111,113,addition
70 3 113,73,113,addition
37 21 113,58,113,addition
91 5 113,96,113,addition
81 49 113,17,113,addition
10 44 113,54,113,addition
52 58 113,110,113,addition
29 62 113,91,113,addition
81 73 113,41,113,addition
62 83 113,32,113,addition
62 104 113,53,113,addition
28 45 113,73,113,addition
53 8 113,61,113,addition
47 28 113,75,113,addition
102 10 113,112,113,addition
25 62 113,87,113,addition
11 98 113,109,113,addition
17 85 113,102,113,addition
0 5 113,5,113,addition
36 68 113,104,113,addition
19 102 113,8,113,addition
13 13 113,26,113,addition
19 81 113,100,113,addition
42 52 113,94,113,addition
82 1 113,83,113,addition
106 103 113,96,113,addition
37 0 113,37,113,addition
39 29 113,68,113,addition
47 31 113,78,113,addition
23 52 113,75,113,addition
61 109 113,57,113,addition
50 52 113,102,113,addition
69 88 113,44,113,addition
77 70 113,34,113,addition
31 67 113,98,113,addition
10 41 113,51,113,addition
70 8 113,78,113,addition
85 100 113,72,113,addition
50 56 113,106,113,addition
82 3 113,85,113,addition
19 9 113,28,113,addition
86 56 113,29,113,addition
85 77 113,49,113,addition
82 23 113,105,113,addition
109 96 113,92,113,addition
105 70 113,62,113,addition
105 1 113,106,113,addition
66 106 113,59,113,addition
35 55 113,90,113,addition
22 8 113,30,113,addition
67 28 113,95,113,addition
108 96 113,91,113,addition
46 20 113,66,113,addition
74 53 113,14,113,addition
48 11 113,59,113,addition
54 37 113,91,113,addition
39 80 113,6,113,addition
97 21 113,5,113,addition
28 68 113,96,113,addition
32 95 113,14,113,addition
102 28 113,17,113,addition
17 39 113,56,113,addition
107 8 113,2,113,addition
31 103 113,21,113,addition
109 84 113,80,113,addition
85 61 113,33,113,addition
99 78 113,64,113,addition
111 20 113,18,113,addition
70 11 113,81,113,addition
2 6 113,8,113,addition
52 39 113,91,113,addition
65 24 113,89,113,addition
63 88 113,38,113,addition
34 71 113,105,113,addition
58 109 113,54,113,addition
29 23 113,52,113,addition
40 5 113,45,113,addition
100 82 113,69,113,addition
78 16 113,94,113,addition
18 75 113,93,113,addition
107 17 113,11,113,addition
89 17 113,106,113,addition
54 44 113,98,113,addition
18 49 113,67,113,addition
7 22 113,29,113,addition
45 10 113,55,113,addition
91 110 113,88,113,addition
31 71 113,102,113,addition
66 22 113,88,113,addition
21 89 113,110,113,addition
41 32 113,73,113,addition
107 23 113,17,113,addition
103 24 113,14,113,addition
3 87 113,90,113,addition
41 60 113,101,113,addition
112 64 113,63,113,addition
43 67 113,110,113,addition
97 29 113,13,113,addition
73 5 113,78,113,addition
89 93 113,69,113,addition
13 74 113,87,113,addition
43 92 113,22,113,addition
6 96 113,102,113,addition
9 6 113,15,113,addition
55 104 113,46,113,addition
27 45 113,72,113,addition
50 25 113,75,113,addition
88 40 113,15,113,addition
11 45 113,56,113,addition
14 94 113,108,113,addition
23 15 113,38,113,addition
111 36 113,34,113,addition
62 46 113,108,113,addition
10 66 113,76,113,addition
64 81 113,32,113,addition
91 27 113,5,113,addition
85 97 113,69,113,addition
17 64 113,81,113,addition
23 95 113,5,113,addition
61 77 113,25,113,addition
58 18 113,76,113,addition
62 36 113,98,113,addition
75 33 113,108,113,addition
16 42 113,58,113,addition
101 41 113,29,113,addition
50 89 113,26,113,addition
10 25 113,35,113,addition
15 65 113,80,113,addition
30 90 113,7,113,addition
75 99 113,61,113,addition
75 81 113,43,113,addition
74 43 113,4,113,addition
75 29 113,104,113,addition
111 105 113,103,113,addition
105 12 113,4,113,addition
10 86 113,96,113,addition
47 77 113,11,113,addition
110 42 113,39,113,addition
20 55 113,75,113,addition
64 36 113,100,113,addition
104 3 113,107,113,addition
52 0 113,52,113,addition
2 45 113,47,113,addition
101 97 113,85,113,addition
79 112 113,78,113,addition
105 30 113,22,113,addition
51 37 113,88,113,addition
95 53 113,35,113,addition
44 33 113,77,113,addition
43 41 113,84,113,addition
42 60 113,102,113,addition
35 76 113,111,113,addition
72 29 113,101,113,addition
75 58 113,20,113,addition
29 6 113,35,113,addition
59 7 113,66,113,addition
77 8 113,85,113,addition
11 77 113,88,113,addition
106 26 113,19,113,addition
97 58 113,42,113,addition
94 34 113,15,113,addition
74 92 113,53,113,addition
59 107 113,53,113,addition
26 88 113,1,113,addition
69 44 113,0,113,addition
79 81 113,47,113,addition
80 34 113,1,113,addition
65 25 113,90,113,addition
8 79 113,87,113,addition
64 0 113,64,113,addition
52 66 113,5,113,addition
94 22 113,3,113,addition
40 58 113,98,113,addition
68 33 113,101,113,addition
14 4 113,18,113,addition
8 72 113,80,113,addition
2 48 113,50,113,addition
97 106 113,90,113,addition
86 36 113,9,113,addition
18 61 113,79,113,addition
84 107 113,78,113,addition
34 113 113,34,113,addition
69 35 113,104,113,addition
21 91 113,112,113,addition
67 62 113,16,113,addition
12 90 113,102,113,addition
84 68 113,39,113,addition
31 4 113,35,113,addition
100 28 113,15,113,addition
52 55 113,107,113,addition
73 103 113,63,113,addition
11 20 113,31,113,addition
50 45 113,95,113,addition
6 36 113,42,113,addition
76 68 113,31,113,addition
41 47 113,88,113,addition
79 109 113,75,113,addition
84 83 113,54,113,addition
25 8 113,33,113,addition
83 18 113,101,113,addition
89 21 113,110,113,addition
81 24 113,105,113,addition
79 105 113,71,113,addition
94 0 113,94,113,addition
92 95 113,74,113,addition
41 112 113,40,113,addition
17 74 113,91,113,addition
65 51 113,3,113,addition
73 49 113,9,113,addition
40 42 113,82,113,addition
64 8 113,72,113,addition
34 3 113,37,113,addition
2 75 113,77,113,addition
50 19 113,69,113,addition
103 8 113,111,113,addition
30 81 113,111,113,addition
43 75 113,5,113,addition
109 113 113,109,113,addition
82 21 113,103,113,addition
21 46 113,67,113,addition
113 35 113,35,113,addition
99 103 113,89,113,addition
39 104 113,30,113,addition
102 109 113,98,113,addition
3 1 113,4,113,addition
48 92 113,27,113,addition
25 34 113,59,113,addition
37 67 113,104,113,addition
42 5 113,47,113,addition
31 83 113,1,113,addition
96 39 113,22,113,addition
19 26 113,45,113,addition
108 42 113,37,113,addition
58 112 113,57,113,addition
45 84 113,16,113,addition
8 7 113,15,113,addition
111 68 113,66,113,addition
3 57 113,60,113,addition
9 51 113,60,113,addition
40 63 113,103,113,addition
14 19 113,33,113,addition
37 104 113,28,113,addition
100 85 113,72,113,addition
90 72 113,49,113,addition
28 54 113,82,113,addition
35 73 113,108,113,addition
23 67 113,90,113,addition
17 104 113,8,113,addition
44 60 113,104,113,addition
23 56 113,79,113,addition
85 90 113,62,113,addition
7 89 113,96,113,addition
108 74 113,69,113,addition
4 56 113,60,113,addition
5 17 113,22,113,addition
12 0 113,12,113,addition
110 79 113,76,113,addition
27 62 113,89,113,addition
58 33 113,91,113,addition
92 111 113,90,113,addition
66 4 113,70,113,addition
70 14 113,84,113,addition
17 100 113,4,113,addition
41 24 113,65,113,addition
113 86 113,86,113,addition
26 54 113,80,113,addition
89 50 113,26,113,addition
17 0 113,17,113,addition
34 87 113,8,113,addition
89 100 113,76,113,addition
22 37 113,59,113,addition
1 112 113,0,113,addition
90 77 113,54,113,addition
70 24 113,94,113,addition
52 14 113,66,113,addition
99 101 113,87,113,addition
58 89 113,34,113,addition
17 73 113,90,113,addition
23 3 113,26,113,addition
100 8 113,108,113,addition
85 53 113,25,113,addition
72 0 113,72,113,addition
7 4 113,11,113,addition
100 1 113,101,113,addition
50 20 113,70,113,addition
11 64 113,75,113,addition
113 7 113,7,113,addition
4 98 113,102,113,addition
95 38 113,20,113,addition
27 51 113,78,113,addition
12 23 113,35,113,addition
82 18 113,100,113,addition
13 80 113,93,113,addition
7 86 113,93,113,addition
80 85 113,52,113,addition
54 50 113,104,113,addition
103 63 113,53,113,addition
40 35 113,75,113,addition
23 35 113,58,113,addition
53 83 113,23,113,addition
98 66 113,51,113,addition
30 103 113,20,113,addition
75 66 113,28,113,addition
15 103 113,5,113,addition
8 97 113,105,113,addition
46 29 113,75,113,addition
79 62 113,28,113,addition
49 45 113,94,113,addition
85 94 113,66,113,addition
15 11 113,26,113,addition
17 99 113,3,113,addition
29 113 113,29,113,addition
26 45 113,71,113,addition
66 94 113,47,113,addition
23 90 113,0,113,addition
66 68 113,21,113,addition
50 54 113,104,113,addition
0 103 113,103,113,addition
24 75 113,99,113,addition
87 69 113,43,113,addition
11 90 113,101,113,addition
6 21 113,27,113,addition
18 74 113,92,113,addition
110 39 113,36,113,addition
15 41 113,56,113,addition
68 41 113,109,113,addition
40 82 113,9,113,addition
10 7 113,17,113,addition
8 86 113,94,113,addition
49 95 113,31,113,addition
39 83 113,9,113,addition
75 95 113,57,113,addition
25 57 113,82,113,addition
103 92 113,82,113,addition
89 13 113,102,113,addition
6 79 113,85,113,addition
79 13 113,92,113,addition
17 29 113,46,113,addition
15 49 113,64,113,addition
39 53 113,92,113,addition
65 90 113,42,113,addition
51 91 113,29,113,addition
70 5 113,75,113,addition
21 61 113,82,113,addition
70 59 113,16,113,addition
76 15 113,91,113,addition
47 107 113,41,113,addition
64 100 113,51,113,addition
3 93 113,96,113,addition
33 112 113,32,113,addition
2 73 113,75,113,addition
63 16 113,79,113,addition
107 31 113,25,113,addition
99 90 113,76,113,addition
76 17 113,93,113,addition
21 80 113,101,113,addition
92 46 113,25,113,addition
45 95 113,27,113,addition
102 47 113,36,113,addition
12 106 113,5,113,addition
47 94 113,28,113,addition
5 30 113,35,113,addition
95 73 113,55,113,addition
28 100 113,15,113,addition
70 30 113,100,113,addition
34 69 113,103,113,addition
83 108 113,78,113,addition
35 88 113,10,113,addition
96 51 113,34,113,addition
60 31 113,91,113,addition
9 95 113,104,113,addition
2 77 113,79,113,addition
18 69 113,87,113,addition
45 113 113,45,113,addition
113 6 113,6,113,addition
105 97 113,89,113,addition
15 22 113,37,113,addition
35 69 113,104,113,addition
83 67 113,37,113,addition
93 20 113,0,113,addition
52 13 113,65,113,addition
78 17 113,95,113,addition
30 94 113,11,113,addition
93 13 113,106,113,addition
27 72 113,99,113,addition
36 74 113,110,113,addition
65 63 113,15,113,addition
68 34 113,102,113,addition
29 18 113,47,113,addition
25 48 113,73,113,addition
8 49 113,57,113,addition
58 45 113,103,113,addition
29 57 113,86,113,addition
101 88 113,76,113,addition
109 60 113,56,113,addition
9 89 113,98,113,addition
74 52 113,13,113,addition
73 94 113,54,113,addition
105 91 113,83,113,addition
92 89 113,68,113,addition
58 59 113,4,113,addition
33 54 113,87,113,addition
111 64 113,62,113,addition
81 7 113,88,113,addition
44 31 113,75,113,addition
57 23 113,80,113,addition
31 2 113,33,113,addition
76 113 113,76,113,addition
40 47 113,87,113,addition
45 45 113,90,113,addition
16 34 113,50,113,addition
112 70 113,69,113,addition
75 48 113,10,113,addition
83 72 113,42,113,addition
6 44 113,50,113,addition
4 53 113,57,113,addition
45 56 113,101,113,addition
24 28 113,52,113,addition
78 105 113,70,113,addition
60 37 113,97,113,addition
107 58 113,52,113,addition
90 83 113,60,113,addition
108 14 113,9,113,addition
14 96 113,110,113,addition
43 8 113,51,113,addition
37 28 113,65,113,addition
94 7 113,101,113,addition
91 81 113,59,113,addition
71 15 113,86,113,addition
64 88 113,39,113,addition
0 26 113,26,113,addition
101 77 113,65,113,addition
81 87 113,55,113,addition
100 13 113,0,113,addition
111 100 113,98,113,addition
30 83 113,0,113,addition
56 9 113,65,113,addition
95 51 113,33,113,addition
23 20 113,43,113,addition
113 51 113,51,113,addition
93 37 113,17,113,addition
62 30 113,92,113,addition
17 48 113,65,113,addition
28 33 113,61,113,addition
4 49 113,53,113,addition
15 98 113,0,113,addition
63 44 113,107,113,addition
112 95 113,94,113,addition
76 33 113,109,113,addition
48 33 113,81,113,addition
42 108 113,37,113,addition
83 26 113,109,113,addition
47 74 113,8,113,addition
19 44 113,63,113,addition
2 35 113,37,113,addition
86 34 113,7,113,addition
93 29 113,9,113,addition
48 7 113,55,113,addition
27 73 113,100,113,addition
94 28 113,9,113,addition
19 47 113,66,113,addition
25 14 113,39,113,addition
97 84 113,68,113,addition
34 10 113,44,113,addition
19 46 113,65,113,addition
83 103 113,73,113,addition
56 108 113,51,113,addition
2 57 113,59,113,addition
37 58 113,95,113,addition
63 113 113,63,113,addition
105 107 113,99,113,addition
38 88 113,13,113,addition
74 67 113,28,113,addition
54 29 113,83,113,addition
73 98 113,58,113,addition
5 108 113,0,113,addition
3 35 113,38,113,addition
66 10 113,76,113,addition
30 77 113,107,113,addition
2 69 113,71,113,addition
30 15 113,45,113,addition
57 31 113,88,113,addition
46 47 113,93,113,addition
80 60 113,27,113,addition
77 43 113,7,113,addition
57 21 113,78,113,addition
69 94 113,50,113,addition
78 89 113,54,113,addition
36 58 113,94,113,addition
106 71 113,64,113,addition
82 70 113,39,113,addition
29 44 113,73,113,addition
0 2 113,2,113,addition
99 92 113,78,113,addition
43 61 113,104,113,addition
58 92 113,37,113,addition
101 56 113,44,113,addition
20 70 113,90,113,addition
11 47 113,58,113,addition
40 9 113,49,113,addition
107 106 113,100,113,addition
85 16 113,101,113,addition
31 41 113,72,113,addition
45 74 113,6,113,addition
26 75 113,101,113,addition
88 61 113,36,113,addition
108 4 113,112,113,addition
73 39 113,112,113,addition
96 69 113,52,113,addition
29 110 113,26,113,addition
64 64 113,15,113,addition
47 22 113,69,113,addition
72 11 113,83,113,addition
82 82 113,51,113,addition
2 97 113,99,113,addition
69 25 113,94,113,addition
59 112 113,58,113,addition
112 16 113,15,113,addition
79 28 113,107,113,addition
76 7 113,83,113,addition
105 11 113,3,113,addition
91 94 113,72,113,addition
26 53 113,79,113,addition
89 31 113,7,113,addition
12 85 113,97,113,addition
91 68 113,46,113,addition
75 72 113,34,113,addition
112 86 113,85,113,addition
92 23 113,2,113,addition
104 80 113,71,113,addition
95 2 113,97,113,addition
16 90 113,106,113,addition
48 67 113,2,113,addition
13 40 113,53,113,addition
109 100 113,96,113,addition
79 95 113,61,113,addition
84 112 113,83,113,addition
3 28 113,31,113,addition
67 6 113,73,113,addition
96 47 113,30,113,addition
0 85 113,85,113,addition
101 51 113,39,113,addition
26 7 113,33,113,addition
11 23 113,34,113,addition
41 73 113,1,113,addition
64 37 113,101,113,addition
69 89 113,45,113,addition
36 88 113,11,113,addition
105 38 113,30,113,addition
100 94 113,81,113,addition
47 81 113,15,113,addition
10 94 113,104,113,addition
16 60 113,76,113,addition
84 3 113,87,113,addition
98 49 113,34,113,addition
9 11 113,20,113,addition
70 104 113,61,113,addition
26 79 113,105,113,addition
17 108 113,12,113,addition
46 7 113,53,113,addition
102 66 113,55,113,addition
103 43 113,33,113,addition
17 92 113,109,113,addition
24 78 113,102,113,addition
8 56 113,64,113,addition
18 7 113,25,113,addition
23 79 113,102,113,addition
13 60 113,73,113,addition
18 72 113,90,113,addition
52 8 113,60,113,addition
92 29 113,8,113,addition
24 100 113,11,113,addition
34 107 113,28,113,addition
108 11 113,6,113,addition
11 10 113,21,113,addition
88 6 113,94,113,addition
28 106 113,21,113,addition
0 64 113,64,113,addition
17 65 113,82,113,addition
69 68 113,24,113,addition
33 79 113,112,113,addition
26 103 113,16,113,addition
4 57 113,61,113,addition
53 20 113,73,113,addition
60 58 113,5,113,addition
7 17 113,24,113,addition
38 8 113,46,113,addition
37 89 113,13,113,addition
80 17 113,97,113,addition
49 69 113,5,113,addition
81 94 113,62,113,addition
81 98 113,66,113,addition
4 13 113,17,113,addition
14 34 113,48,113,addition
78 25 113,103,113,addition
12 94 113,106,113,addition
72 52 113,11,113,addition
13 87 113,100,113,addition
4 112 113,3,113,addition
0 12 113,12,113,addition
0 102 113,102,113,addition
0 67 113,67,113,addition
83 23 113,106,113,addition
7 61 113,68,113,addition
70 62 113,19,113,addition
60 1 113,61,113,addition
106 22 113,15,113,addition
106 34 113,27,113,addition
66 108 113,61,113,addition
103 40 113,30,113,addition
107 48 113,42,113,addition
65 28 113,93,113,addition
1 54 113,55,113,addition
11 88 113,99,113,addition
50 76 113,13,113,addition
31 99 113,17,113,addition
18 81 113,99,113,addition
95 37 113,19,113,addition
16 37 113,53,113,addition
1 45 113,46,113,addition
19 64 113,83,113,addition
112 94 113,93,113,addition
83 53 113,23,113,addition
34 17 113,51,113,addition
57 63 113,7,113,addition
96 107 113,90,113,addition
48 63 113,111,113,addition
104 33 113,24,113,addition
24 8 113,32,113,addition
22 12 113,34,113,addition
48 66 113,1,113,addition
35 52 113,87,113,addition
94 58 113,39,113,addition
84 18 113,102,113,addition
59 105 113,51,113,addition
11 80 113,91,113,addition
21 18 113,39,113,addition
91 35 113,13,113,addition
104 70 113,61,113,addition
0 108 113,108,113,addition
7 99 113,106,113,addition
7 9 113,16,113,addition
63 47 113,110,113,addition
22 5 113,27,113,addition
26 12 113,38,113,addition
100 44 113,31,113,addition
74 80 113,41,113,addition
52 100 113,39,113,addition
66 47 113,0,113,addition
97 108 113,92,113,addition
26 112 113,25,113,addition
64 43 113,107,113,addition
57 99 113,43,113,addition
64 107 113,58,113,addition
111 109 113,107,113,addition
74 40 113,1,113,addition
20 108 113,15,113,addition
24 51 113,75,113,addition
103 19 113,9,113,addition
62 37 113,99,113,addition
66 107 113,60,113,addition
34 0 113,34,113,addition
72 7 113,79,113,addition
20 17 113,37,113,addition
71 55 113,13,113,addition
57 1 113,58,113,addition
69 5 113,74,113,addition
83 29 113,112,113,addition
84 12 113,96,113,addition
1 22 113,23,113,addition
5 80 113,85,113,addition
82 38 113,7,113,addition
79 83 113,49,113,addition
45 39 113,84,113,addition
95 103 113,85,113,addition
110 67 113,64,113,addition
21 1 113,22,113,addition
113 59 113,59,113,addition
112 112 113,111,113,addition
27 68 113,95,113,addition
20 13 113,33,113,addition
98 16 113,1,113,addition
110 18 113,15,113,addition
85 42 113,14,113,addition
77 77 113,41,113,addition
43 69 113,112,113,addition
79 53 113,19,113,addition
1 71 113,72,113,addition
75 98 113,60,113,addition
75 2 113,77,113,addition
44 43 113,87,113,addition
105 80 113,72,113,addition
8 107 113,2,113,addition
86 69 113,42,113,addition
89 90 113,66,113,addition
47 64 113,111,113,addition
13 107 113,7,113,addition
104 9 113,0,113,addition
71 103 113,61,113,addition
110 66 113,63,113,addition
57 50 113,107,113,addition
73 33 113,106,113,addition
96 103 113,86,113,addition
68 103 113,58,113,addition
45 93 113,25,113,addition
38 82 113,7,113,addition
101 29 113,17,113,addition
5 45 113,50,113,addition
0 54 113,54,113,addition
108 21 113,16,113,addition
99 110 113,96,113,addition
31 35 113,66,113,addition
103 15 113,5,113,addition
54 87 113,28,113,addition
33 110 113,30,113,addition
99 15 113,1,113,addition
60 91 113,38,113,addition
96 73 113,56,113,addition
2 110 113,112,113,addition
65 6 113,71,113,addition
22 75 113,97,113,addition
86 89 113,62,113,addition
62 23 113,85,113,addition
95 65 113,47,113,addition
0 70 113,70,113,addition
106 7 113,0,113,addition
3 59 113,62,113,addition
21 48 113,69,113,addition
98 34 113,19,113,addition
67 58 113,12,113,addition
93 23 113,3,113,addition
62 39 113,101,113,addition
80 104 113,71,113,addition
108 92 113,87,113,addition
6 38 113,44,113,addition
108 113 113,108,113,addition
14 107 113,8,113,addition
37 105 113,29,113,addition
15 16 113,31,113,addition
31 14 113,45,113,addition
14 38 113,52,113,addition
28 98 113,13,113,addition
108 66 113,61,113,addition
47 7 113,54,113,addition
15 61 113,76,113,addition
76 65 113,28,113,addition
100 92 113,79,113,addition
29 93 113,9,113,addition
15 24 113,39,113,addition
44 99 113,30,113,addition
69 111 113,67,113,addition
13 30 113,43,113,addition
79 111 113,77,113,addition
30 44 113,74,113,addition
23 49 113,72,113,addition
83 37 113,7,113,addition
5 37 113,42,113,addition
40 54 113,94,113,addition
112 54 113,53,113,addition
31 69 113,100,113,addition
93 101 113,81,113,addition
86 5 113,91,113,addition
96 28 113,11,113,addition
23 45 113,68,113,addition
107 9 113,3,113,addition
109 76 113,72,113,addition
46 55 113,101,113,addition
5 28 113,33,113,addition
14 91 113,105,113,addition
62 55 113,4,113,addition
42 20 113,62,113,addition
102 110 113,99,113,addition
65 105 113,57,113,addition
25 95 113,7,113,addition
35 60 113,95,113,addition
46 18 113,64,113,addition
19 60 113,79,113,addition
95 11 113,106,113,addition
97 91 113,75,113,addition
103 84 113,74,113,addition
109 104 113,100,113,addition
103 23 113,13,113,addition
47 18 113,65,113,addition
28 75 113,103,113,addition
76 42 113,5,113,addition
10 19 113,29,113,addition
8 108 113,3,113,addition
105 6 113,111,113,addition
1 73 113,74,113,addition
1 51 113,52,113,addition
112 74 113,73,113,addition
79 46 113,12,113,addition
35 51 113,86,113,addition
77 69 113,33,113,addition
30 34 113,64,113,addition
99 5 113,104,113,addition
82 2 113,84,113,addition
71 69 113,27,113,addition
0 72 113,72,113,addition
67 48 113,2,113,addition
78 27 113,105,113,addition
30 20 113,50,113,addition
93 5 113,98,113,addition
9 40 113,49,113,addition
53 25 113,78,113,addition
52 31 113,83,113,addition
81 108 113,76,113,addition
84 78 113,49,113,addition
30 108 113,25,113,addition
90 37 113,14,113,addition
57 93 113,37,113,addition
111 99 113,97,113,addition
111 44 113,42,113,addition
82 12 113,94,113,addition
9 65 113,74,113,addition
73 48 113,8,113,addition
64 15 113,79,113,addition
53 34 113,87,113,addition
12 67 113,79,113,addition
13 79 113,92,113,addition
57 96 113,40,113,addition
46 1 113,47,113,addition
61 30 113,91,113,addition
14 104 113,5,113,addition
93 96 113,76,113,addition
78 76 113,41,113,addition
110 73 113,70,113,addition
9 34 113,43,113,addition
5 101 113,106,113,addition
17 101 113,5,113,addition
5 110 113,2,113,addition
43 51 113,94,113,addition
51 6 113,57,113,addition
94 72 113,53,113,addition
21 55 113,76,113,addition
90 79 113,56,113,addition
25 98 113,10,113,addition
105 15 113,7,113,addition
63 54 113,4,113,addition
94 105 113,86,113,addition
103 74 113,64,113,addition
66 6 113,72,113,addition
14 17 113,31,113,addition
27 98 113,12,113,addition
73 22 113,95,113,addition
2 86 113,88,113,addition
86 81 113,54,113,addition
97 30 113,14,113,addition
103 109 113,99,113,addition
35 46 113,81,113,addition
109 7 113,3,113,addition
112 79 113,78,113,addition
86 83 113,56,113,addition
88 35 113,10,113,addition
12 110 113,9,113,addition
65 21 113,86,113,addition
95 31 113,13,113,addition
19 37 113,56,113,addition
64 91 113,42,113,addition
24 59 113,83,113,addition
83 47 113,17,113,addition
4 74 113,78,113,addition
53 85 113,25,113,addition
72 28 113,100,113,addition
103 21 113,11,113,addition
66 62 113,15,113,addition
34 62 113,96,113,addition
104 0 113,104,113,addition
69 100 113,56,113,addition
46 64 113,110,113,addition
28 40 113,68,113,addition
38 60 113,98,113,addition
38 93 113,18,113,addition
105 99 113,91,113,addition
6 99 113,105,113,addition
55 47 113,102,113,addition
58 29 113,87,113,addition
74 44 113,5,113,addition
53 16 113,69,113,addition
22 61 113,83,113,addition
31 86 113,4,113,addition
75 6 113,81,113,addition
25 63 113,88,113,addition
25 56 113,81,113,addition
47 3 113,50,113,addition
40 98 113,25,113,addition
76 2 113,78,113,addition
36 64 113,100,113,addition
80 76 113,43,113,addition
64 98 113,49,113,addition
94 33 113,14,113,addition
48 93 113,28,113,addition
36 66 113,102,113,addition
25 27 113,52,113,addition
86 66 113,39,113,addition
51 33 113,84,113,addition
68 72 113,27,113,addition
47 101 113,35,113,addition
83 22 113,105,113,addition
44 109 113,40,113,addition
94 109 113,90,113,addition
19 38 113,57,113,addition
4 75 113,79,113,addition
112 89 113,88,113,addition
107 51 113,45,113,addition
64 20 113,84,113,addition
39 4 113,43,113,addition
2 84 113,86,113,addition
103 45 113,35,113,addition
109 33 113,29,113,addition
44 65 113,109,113,addition
105 77 113,69,113,addition
103 101 113,91,113,addition
13 109 113,9,113,addition
62 24 113,86,113,addition
97 11 113,108,113,addition
95 72 113,54,113,addition
61 85 113,33,113,addition
89 95 113,71,113,addition
2 43 113,45,113,addition
111 30 113,28,113,addition
73 102 113,62,113,addition
35 74 113,109,113,addition
43 53 113,96,113,addition
26 92 113,5,113,addition
45 107 113,39,113,addition
45 71 113,3,113,addition
74 72 113,33,113,addition
82 35 113,4,113,addition
89 67 113,43,113,addition
112 56 113,55,113,addition
52 49 113,101,113,addition
92 72 113,51,113,addition
17 63 113,80,113,addition
28 70 113,98,113,addition
110 4 113,1,113,addition
25 30 113,55,113,addition
54 101 113,42,113,addition
37 63 113,100,113,addition
110 96 113,93,113,addition
96 113 113,96,113,addition
16 36 113,52,113,addition
28 0 113,28,113,addition
52 86 113,25,113,addition
76 30 113,106,113,addition
75 56 113,18,113,addition
25 70 113,95,113,addition
33 104 113,24,113,addition
113 24 113,24,113,addition
58 15 113,73,113,addition
51 109 113,47,113,addition
76 111 113,74,113,addition
11 28 113,39,113,addition
105 7 113,112,113,addition
113 105 113,105,113,addition
46 68 113,1,113,addition
55 62 113,4,113,addition
19 111 113,17,113,addition
15 109 113,11,113,addition
25 22 113,47,113,addition
42 1 113,43,113,addition
38 28 113,66,113,addition
12 73 113,85,113,addition
17 8 113,25,113,addition
80 55 113,22,113,addition
83 66 113,36,113,addition
96 81 113,64,113,addition
42 45 113,87,113,addition
35 25 113,60,113,addition
0 46 113,46,113,addition
4 85 113,89,113,addition
22 93 113,2,113,addition
34 73 113,107,113,addition
81 1 113,82,113,addition
40 4 113,44,113,addition
13 59 113,72,113,addition
64 46 113,110,113,addition
10 92 113,102,113,addition
108 105 113,100,113,addition
68 74 113,29,113,addition
106 9 113,2,113,addition
21 52 113,73,113,addition
2 83 113,85,113,addition
37 74 113,111,113,addition
68 30 113,98,113,addition
67 94 113,48,113,addition
105 55 113,47,113,addition
59 99 113,45,113,addition
106 11 113,4,113,addition
91 96 113,74,113,addition
82 5 113,87,113,addition
92 68 113,47,113,addition
48 9 113,57,113,addition
109 72 113,68,113,addition
71 32 113,103,113,addition
95 64 113,46,113,addition
49 31 113,80,113,addition
97 4 113,101,113,addition
29 8 113,37,113,addition
48 34 113,82,113,addition
85 38 113,10,113,addition
30 88 113,5,113,addition
62 8 113,70,113,addition
52 28 113,80,113,addition
45 26 113,71,113,addition
61 102 113,50,113,addition
94 49 113,30,113,addition
47 113 113,47,113,addition
103 42 113,32,113,addition
82 48 113,17,113,addition
103 105 113,95,113,addition
55 105 113,47,113,addition
56 21 113,77,113,addition
107 13 113,7,113,addition
89 11 113,100,113,addition
10 9 113,19,113,addition
111 21 113,19,113,addition
84 105 113,76,113,addition
110 36 113,33,113,addition
96 111 113,94,113,addition
39 92 113,18,113,addition
80 102 113,69,113,addition
79 75 113,41,113,addition
6 92 113,98,113,addition
29 105 113,21,113,addition
102 5 113,107,113,addition
112 82 113,81,113,addition
0 63 113,63,113,addition
99 62 113,48,113,addition
101 45 113,33,113,addition
25 90 113,2,113,addition
58 39 113,97,113,addition
96 104 113,87,113,addition
57 14 113,71,113,addition
38 54 113,92,113,addition
81 65 113,33,113,addition
2 113 113,2,113,addition
24 80 113,104,113,addition
83 36 113,6,113,addition
48 54 113,102,113,addition
23 109 113,19,113,addition
11 3 113,14,113,addition
83 56 113,26,113,addition
80 30 113,110,113,addition
22 23 113,45,113,addition
40 86 113,13,113,addition
63 26 113,89,113,addition
101 11 113,112,113,addition
47 21 113,68,113,addition
101 70 113,58,113,addition
75 82 113,44,113,addition
32 96 113,15,113,addition
32 38 113,70,113,addition
25 60 113,85,113,addition
30 91 113,8,113,addition
15 59 113,74,113,addition
53 10 113,63,113,addition
103 20 113,10,113,addition
24 54 113,78,113,addition
71 14 113,85,113,addition
20 39 113,59,113,addition
28 69 113,97,113,addition
18 106 113,11,113,addition
25 21 113,46,113,addition
22 64 113,86,113,addition
12 108 113,7,113,addition
101 107 113,95,113,addition
104 90 113,81,113,addition
80 7 113,87,113,addition
38 92 113,17,113,addition
44 62 113,106,113,addition
50 63 113,0,113,addition
55 93 113,35,113,addition
83 2 113,85,113,addition
76 23 113,99,113,addition
37 110 113,34,113,addition
51 38 113,89,113,addition
29 49 113,78,113,addition
26 19 113,45,113,addition
104 19 113,10,113,addition
88 112 113,87,113,addition
48 5 113,53,113,addition
47 76 113,10,113,addition
113 66 113,66,113,addition
78 107 113,72,113,addition
34 15 113,49,113,addition
31 17 113,48,113,addition
112 38 113,37,113,addition
24 96 113,7,113,addition
24 109 113,20,113,addition
110 86 113,83,113,addition
58 84 113,29,113,addition
5 23 113,28,113,addition
88 36 113,11,113,addition
24 43 113,67,113,addition
24 33 113,57,113,addition
113 108 113,108,113,addition
34 56 113,90,113,addition
23 66 113,89,113,addition
99 30 113,16,113,addition
90 75 113,52,113,addition
36 26 113,62,113,addition
56 82 113,25,113,addition
111 9 113,7,113,addition
85 112 113,84,113,addition
9 71 113,80,113,addition
14 25 113,39,113,addition
97 44 113,28,113,addition
17 77 113,94,113,addition
9 38 113,47,113,addition
58 86 113,31,113,addition
12 49 113,61,113,addition
37 82 113,6,113,addition
19 79 113,98,113,addition
92 78 113,57,113,addition
13 64 113,77,113,addition
10 12 113,22,113,addition
57 95 113,39,113,addition
82 43 113,12,113,addition
13 105 113,5,113,addition
42 72 113,1,113,addition
100 54 113,41,113,addition
99 89 113,75,113,addition
77 88 113,52,113,addition
79 12 113,91,113,addition
51 87 113,25,113,addition
64 65 113,16,113,addition
65 75 113,27,113,addition
62 85 113,34,113,addition
3 94 113,97,113,addition
40 108 113,35,113,addition
79 0 113,79,113,addition
73 82 113,42,113,addition
72 21 113,93,113,addition
108 86 113,81,113,addition
81 41 113,9,113,addition
108 16 113,11,113,addition
1 37 113,38,113,addition
109 107 113,103,113,addition
55 40 113,95,113,addition
67 10 113,77,113,addition
16 63 113,79,113,addition
69 106 113,62,113,addition
111 80 113,78,113,addition
32 57 113,89,113,addition
106 43 113,36,113,addition
23 100 113,10,113,addition
53 105 113,45,113,addition
9 32 113,41,113,addition
62 102 113,51,113,addition
84 1 113,85,113,addition
34 12 113,46,113,addition
56 51 113,107,113,addition
97 0 113,97,113,addition
63 82 113,32,113,addition
52 96 113,35,113,addition
94 82 113,63,113,addition
77 75 113,39,113,addition
58 80 113,25,113,addition
74 35 113,109,113,addition
60 45 113,105,113,addition
38 34 113,72,113,addition
56 38 113,94,113,addition
107 43 113,37,113,addition
102 59 113,48,113,addition
108 99 113,94,113,addition
63 6 113,69,113,addition
73 73 113,33,113,addition
35 111 113,33,113,addition
7 76 113,83,113,addition
44 17 113,61,113,addition
107 95 113,89,113,addition
38 53 113,91,113,addition
61 10 113,71,113,addition
19 5 113,24,113,addition
50 10 113,60,113,addition
7 75 113,82,113,addition
26 39 113,65,113,addition
70 26 113,96,113,addition
27 113 113,27,113,addition
25 96 113,8,113,addition
94 48 113,29,113,addition
62 86 113,35,113,addition
59 38 113,97,113,addition
38 103 113,28,113,addition
113 1 113,1,113,addition
77 16 113,93,113,addition
82 62 113,31,113,addition
53 15 113,68,113,addition
17 94 113,111,113,addition
71 7 113,78,113,addition
8 48 113,56,113,addition
22 77 113,99,113,addition
85 4 113,89,113,addition
90 4 113,94,113,addition
4 47 113,51,113,addition
92 71 113,50,113,addition
52 107 113,46,113,addition
99 10 113,109,113,addition
95 5 113,100,113,addition
42 8 113,50,113,addition
99 59 113,45,113,addition
5 43 113,48,113,addition
51 42 113,93,113,addition
69 4 113,73,113,addition
9 29 113,38,113,addition
27 56 113,83,113,addition
9 23 113,32,113,addition
49 92 113,28,113,addition
75 97 113,59,113,addition
15 57 113,72,113,addition
103 85 113,75,113,addition
14 109 113,10,113,addition
69 60 113,16,113,addition
89 112 113,88,113,addition
78 53 113,18,113,addition
48 99 113,34,113,addition
52 27 113,79,113,addition
37 97 113,21,113,addition
22 69 113,91,113,addition
35 1 113,36,113,addition
7 88 113,95,113,addition
106 59 113,52,113,addition
9 67 113,76,113,addition
82 30 113,112,113,addition
11 99 113,110,113,addition
49 62 113,111,113,addition
65 2 113,67,113,addition
9 110 113,6,113,addition
21 6 113,27,113,addition
59 101 113,47,113,addition
88 33 113,8,113,addition
85 85 113,57,113,addition
26 71 113,97,113,addition
67 106 113,60,113,addition
85 74 113,46,113,addition
74 38 113,112,113,addition
43 74 113,4,113,addition
81 27 113,108,113,addition
30 12 113,42,113,addition
77 82 113,46,113,addition
48 13 113,61,113,addition
21 16 113,37,113,addition
21 78 113,99,113,addition
105 50 113,42,113,addition
58 10 113,68,113,addition
46 31 113,77,113,addition
108 2 113,110,113,addition
22 24 113,46,113,addition
60 110 113,57,113,addition
79 78 113,44,113,addition
102 0 113,102,113,addition
58 94 113,39,113,addition
54 97 113,38,113,addition
100 51 113,38,113,addition
105 92 113,84,113,addition
11 34 113,45,113,addition
86 70 113,43,113,addition
11 113 113,11,113,addition
6 3 113,9,113,addition
42 59 113,101,113,addition
49 94 113,30,113,addition
108 65 113,60,113,addition
78 24 113,102,113,addition
113 99 113,99,113,addition
19 77 113,96,113,addition
57 105 113,49,113,addition
6 68 113,74,113,addition
26 35 113,61,113,addition
33 24 113,57,113,addition
49 77 113,13,113,addition
62 5 113,67,113,addition
106 27 113,20,113,addition
29 32 113,61,113,addition
2 106 113,108,113,addition
57 75 113,19,113,addition
76 91 113,54,113,addition
53 23 113,76,113,addition
29 88 113,4,113,addition
11 50 113,61,113,addition
22 80 113,102,113,addition
65 36 113,101,113,addition
65 88 113,40,113,addition
108 53 113,48,113,addition
59 82 113,28,113,addition
107 21 113,15,113,addition
29 64 113,93,113,addition
45 111 113,43,113,addition
66 33 113,99,113,addition
104 69 113,60,113,addition
83 83 113,53,113,addition
60 90 113,37,113,addition
60 113 113,60,113,addition
111 6 113,4,113,addition
38 36 113,74,113,addition
12 38 113,50,113,addition
78 97 113,62,113,addition
34 72 113,106,113,addition
20 69 113,89,113,addition
26 72 113,98,113,addition
15 1 113,16,113,addition
57 36 113,93,113,addition
60 25 113,85,113,addition
66 89 113,42,113,addition
43 35 113,78,113,addition
13 69 113,82,113,addition
75 86 113,48,113,addition
8 106 113,1,113,addition
83 0 113,83,113,addition
77 83 113,47,113,addition
40 60 113,100,113,addition
19 112 113,18,113,addition
39 43 113,82,113,addition
45 37 113,82,113,addition
67 75 113,29,113,addition
27 50 113,77,113,addition
23 85 113,108,113,addition
21 26 113,47,113,addition
17 76 113,93,113,addition
72 32 113,104,113,addition
92 54 113,33,113,addition
106 101 113,94,113,addition
38 98 113,23,113,addition
9 10 113,19,113,addition
56 86 113,29,113,addition
63 12 113,75,113,addition
24 102 113,13,113,addition
80 105 113,72,113,addition
46 100 113,33,113,addition
17 75 113,92,113,addition
30 11 113,41,113,addition
0 29 113,29,113,addition
93 25 113,5,113,addition
27 57 113,84,113,addition
63 38 113,101,113,addition
80 53 113,20,113,addition
57 91 113,35,113,addition
80 97 113,64,113,addition
80 69 113,36,113,addition
54 10 113,64,113,addition
17 18 113,35,113,addition
110 10 113,7,113,addition
45 47 113,92,113,addition
19 27 113,46,113,addition
2 93 113,95,113,addition
40 17 113,57,113,addition
77 92 113,56,113,addition
29 31 113,60,113,addition
27 103 113,17,113,addition
92 57 113,36,113,addition
78 68 113,33,113,addition
43 13 113,56,113,addition
83 11 113,94,113,addition
104 88 113,79,113,addition
23 111 113,21,113,addition
9 18 113,27,113,addition
42 86 113,15,113,addition
49 11 113,60,113,addition
60 49 113,109,113,addition
75 87 113,49,113,addition
28 71 113,99,113,addition
68 101 113,56,113,addition
32 46 113,78,113,addition
32 105 113,24,113,addition
86 27 113,0,113,addition
37 83 113,7,113,addition
18 24 113,42,113,addition
65 30 113,95,113,addition
96 82 113,65,113,addition
13 112 113,12,113,addition
60 97 113,44,113,addition
67 42 113,109,113,addition
46 76 113,9,113,addition
17 22 113,39,113,addition
16 33 113,49,113,addition
90 18 113,108,113,addition
82 75 113,44,113,addition
53 107 113,47,113,addition
0 92 113,92,113,addition
62 48 113,110,113,addition
29 104 113,20,113,addition
110 85 113,82,113,addition
63 41 113,104,113,addition
63 66 113,16,113,addition
52 94 113,33,113,addition
88 96 113,71,113,addition
54 43 113,97,113,addition
39 33 113,72,113,addition
27 52 113,79,113,addition
55 89 113,31,113,addition
41 36 113,77,113,addition
110 16 113,13,113,addition
112 51 113,50,113,addition
87 73 113,47,113,addition
52 32 113,84,113,addition
102 8 113,110,113,addition
61 92 113,40,113,addition
30 92 113,9,113,addition
103 32 113,22,113,addition
36 16 113,52,113,addition
107 24 113,18,113,addition
38 44 113,82,113,addition
34 65 113,99,113,addition
70 51 113,8,113,addition
73 50 113,10,113,addition
20 68 113,88,113,addition
32 15 113,47,113,addition
93 55 113,35,113,addition
68 66 113,21,113,addition
18 58 113,76,113,addition
30 86 113,3,113,addition
91 34 113,12,113,addition
68 84 113,39,113,addition
58 8 113,66,113,addition
96 16 113,112,113,addition
105 79 113,71,113,addition
9 98 113,107,113,addition
47 65 113,112,113,addition
84 99 113,70,113,addition
12 43 113,55,113,addition
55 0 113,55,113,addition
1 67 113,68,113,addition
88 57 113,32,113,addition
109 55 113,51,113,addition
19 2 113,21,113,addition
69 27 113,96,113,addition
102 12 113,1,113,addition
34 96 113,17,113,addition
60 70 113,17,113,addition
22 103 113,12,113,addition
59 81 113,27,113,addition
63 103 113,53,113,addition
63 101 113,51,113,addition
25 67 113,92,113,addition
28 77 113,105,113,addition
79 98 113,64,113,addition
61 62 113,10,113,addition
20 74 113,94,113,addition
25 103 113,15,113,addition
19 75 113,94,113,addition
65 33 113,98,113,addition
74 39 113,0,113,addition
2 50 113,52,113,addition
44 85 113,16,113,addition
105 72 113,64,113,addition
79 4 113,83,113,addition
42 19 113,61,113,addition
100 58 113,45,113,addition
28 43 113,71,113,addition
87 25 113,112,113,addition
61 37 113,98,113,addition
51 56 113,107,113,addition
31 101 113,19,113,addition
88 54 113,29,113,addition
30 98 113,15,113,addition
63 37 113,100,113,addition
85 76 113,48,113,addition
78 111 113,76,113,addition
69 64 113,20,113,addition
16 88 113,104,113,addition
40 110 113,37,113,addition
53 17 113,70,113,addition
14 84 113,98,113,addition
53 56 113,109,113,addition
25 45 113,70,113,addition
77 44 113,8,113,addition
3 15 113,18,113,addition
12 109 113,8,113,addition
91 66 113,44,113,addition
23 11 113,34,113,addition
72 79 113,38,113,addition
62 34 113,96,113,addition
55 3 113,58,113,addition
23 64 113,87,113,addition
9 59 113,68,113,addition
13 81 113,94,113,addition
82 76 113,45,113,addition
3 2 113,5,113,addition
109 5 113,1,113,addition
103 11 113,1,113,addition
97 52 113,36,113,addition
113 87 113,87,113,addition
109 103 113,99,113,addition
57 109 113,53,113,addition
11 95 113,106,113,addition
59 58 113,4,113,addition
67 99 113,53,113,addition
77 112 113,76,113,addition
29 56 113,85,113,addition
45 102 113,34,113,addition
85 1 113,86,113,addition
39 44 113,83,113,addition
20 98 113,5,113,addition
78 106 113,71,113,addition
47 95 113,29,113,addition
11 51 113,62,113,addition
8 63 113,71,113,addition
12 74 113,86,113,addition
20 2 113,22,113,addition
46 102 113,35,113,addition
91 104 113,82,113,addition
35 99 113,21,113,addition
96 90 113,73,113,addition
86 25 113,111,113,addition
71 25 113,96,113,addition
7 66 113,73,113,addition
23 33 113,56,113,addition
66 20 113,86,113,addition
72 24 113,96,113,addition
6 0 113,6,113,addition
12 111 113,10,113,addition
107 112 113,106,113,addition
52 89 113,28,113,addition
40 46 113,86,113,addition
57 77 113,21,113,addition
63 63 113,13,113,addition
111 7 113,5,113,addition
52 101 113,40,113,addition
34 43 113,77,113,addition
101 110 113,98,113,addition
75 12 113,87,113,addition
58 49 113,107,113,addition
30 49 113,79,113,addition
68 32 113,100,113,addition
50 12 113,62,113,addition
6 69 113,75,113,addition
58 25 113,83,113,addition
109 6 113,2,113,addition
36 13 113,49,113,addition
31 47 113,78,113,addition
87 3 113,90,113,addition
47 9 113,56,113,addition
28 37 113,65,113,addition
57 4 113,61,113,addition
39 40 113,79,113,addition
10 4 113,14,113,addition
18 89 113,107,113,addition
11 66 113,77,113,addition
17 5 113,22,113,addition
92 79 113,58,113,addition
14 3 113,17,113,addition
12 11 113,23,113,addition
59 84 113,30,113,addition
5 8 113,13,113,addition
24 93 113,4,113,addition
47 1 113,48,113,addition
101 0 113,101,113,addition
42 25 113,67,113,addition
22 99 113,8,113,addition
87 51 113,25,113,addition
109 57 113,53,113,addition
53 37 113,90,113,addition
53 1 113,54,113,addition
110 72 113,69,113,addition
13 104 113,4,113,addition
97 17 113,1,113,addition
87 78 113,52,113,addition
3 100 113,103,113,addition
75 61 113,23,113,addition
87 99 113,73,113,addition
10 89 113,99,113,addition
95 75 113,57,113,addition
38 43 113,81,113,addition
97 61 113,45,113,addition
77 73 113,37,113,addition
22 18 113,40,113,addition
94 39 113,20,113,addition
37 26 113,63,113,addition
85 48 113,20,113,addition
69 11 113,80,113,addition
98 74 113,59,113,addition
5 100 113,105,113,addition
28 99 113,14,113,addition
18 1 113,19,113,addition
52 104 113,43,113,addition
42 106 113,35,113,addition
33 47 113,80,113,addition
11 43 113,54,113,addition
4 5 113,9,113,addition
40 111 113,38,113,addition
41 90 113,18,113,addition
3 37 113,40,113,addition
102 3 113,105,113,addition
60 32 113,92,113,addition
33 17 113,50,113,addition
71 41 113,112,113,addition
1 69 113,70,113,addition
14 83 113,97,113,addition
97 9 113,106,113,addition
40 96 113,23,113,addition
72 18 113,90,113,addition
57 82 113,26,113,addition
76 86 113,49,113,addition
95 105 113,87,113,addition
43 99 113,29,113,addition
96 37 113,20,113,addition
9 48 113,57,113,addition
73 91 113,51,113,addition
16 76 113,92,113,addition
66 65 113,18,113,addition
64 52 113,3,113,addition
48 6 113,54,113,addition
42 68 113,110,113,addition
42 33 113,75,113,addition
1 63 113,64,113,addition
17 1 113,18,113,addition
7 20 113,27,113,addition
84 61 113,32,113,addition
66 105 113,58,113,addition
79 72 113,38,113,addition
97 13 113,110,113,addition
47 45 113,92,113,addition
86 51 113,24,113,addition
66 55 113,8,113,addition
79 39 113,5,113,addition
49 74 113,10,113,addition
1 49 113,50,113,addition
72 22 113,94,113,addition
97 70 113,54,113,addition
104 1 113,105,113,addition
29 38 113,67,113,addition
61 9 113,70,113,addition
105 75 113,67,113,addition
81 56 113,24,113,addition
72 89 113,48,113,addition
27 76 113,103,113,addition
27 88 113,2,113,addition
18 47 113,65,113,addition
74 30 113,104,113,addition
74 7 113,81,113,addition
100 75 113,62,113,addition
69 22 113,91,113,addition
19 109 113,15,113,addition
82 81 113,50,113,addition
51 66 113,4,113,addition
33 101 113,21,113,addition
16 94 113,110,113,addition
60 79 113,26,113,addition
73 89 113,49,113,addition
28 107 113,22,113,addition
102 85 113,74,113,addition
93 47 113,27,113,addition
96 64 113,47,113,addition
13 62 113,75,113,addition
27 8 113,35,113,addition
21 97 113,5,113,addition
100 31 113,18,113,addition
17 21 113,38,113,addition
77 56 113,20,113,addition
74 64 113,25,113,addition
18 110 113,15,113,addition
5 91 113,96,113,addition
69 49 113,5,113,addition
112 18 113,17,113,addition
36 62 113,98,113,addition
45 90 113,22,113,addition
58 31 113,89,113,addition
110 46 113,43,113,addition
22 10 113,32,113,addition
68 26 113,94,113,addition
27 34 113,61,113,addition
48 64 113,112,113,addition
97 1 113,98,113,addition
64 18 113,82,113,addition
109 9 113,5,113,addition
88 109 113,84,113,addition
30 84 113,1,113,addition
5 48 113,53,113,addition
54 24 113,78,113,addition
77 53 113,17,113,addition
36 87 113,10,113,addition
73 105 113,65,113,addition
6 61 113,67,113,addition
98 36 113,21,113,addition
4 31 113,35,113,addition
60 60 113,7,113,addition
95 57 113,39,113,addition
71 12 113,83,113,addition
35 11 113,46,113,addition
81 82 113,50,113,addition
67 82 113,36,113,addition
59 87 113,33,113,addition
75 83 113,45,113,addition
54 91 113,32,113,addition
90 103 113,80,113,addition
39 69 113,108,113,addition
90 76 113,53,113,addition
59 65 113,11,113,addition
98 23 113,8,113,addition
9 61 113,70,113,addition
14 46 113,60,113,addition
75 76 113,38,113,addition
1 35 113,36,113,addition
50 49 113,99,113,addition
45 44 113,89,113,addition
102 40 113,29,113,addition
10 16 113,26,113,addition
10 5 113,15,113,addition
97 26 113,10,113,addition
36 42 113,78,113,addition
70 37 113,107,113,addition
74 59 113,20,113,addition
111 53 113,51,113,addition
36 79 113,2,113,addition
12 20 113,32,113,addition
97 54 113,38,113,addition
39 63 113,102,113,addition
39 3 113,42,113,addition
65 82 113,34,113,addition
100 91 113,78,113,addition
105 57 113,49,113,addition
71 85 113,43,113,addition
99 72 113,58,113,addition
103 71 113,61,113,addition
47 84 113,18,113,addition
32 42 113,74,113,addition
98 110 113,95,113,addition
38 47 113,85,113,addition
65 108 113,60,113,addition
90 91 113,68,113,addition
18 80 113,98,113,addition
54 23 113,77,113,addition
23 28 113,51,113,addition
107 93 113,87,113,addition
20 18 113,38,113,addition
52 81 113,20,113,addition
81 69 113,37,113,addition
16 40 113,56,113,addition
6 91 113,97,113,addition
89 60 113,36,113,addition
52 102 113,41,113,addition
67 101 113,55,113,addition
52 35 113,87,113,addition
68 77 113,32,113,addition
6 19 113,25,113,addition
74 1 113,75,113,addition
28 17 113,45,113,addition
89 78 113,54,113,addition
0 25 113,25,113,addition
85 29 113,1,113,addition
20 105 113,12,113,addition
68 48 113,3,113,addition
52 91 113,30,113,addition
72 104 113,63,113,addition
103 61 113,51,113,addition
84 20 113,104,113,addition
2 20 113,22,113,addition
32 73 113,105,113,addition
65 85 113,37,113,addition
45 78 113,10,113,addition
89 12 113,101,113,addition
59 57 113,3,113,addition
68 98 113,53,113,addition
43 2 113,45,113,addition
17 36 113,53,113,addition
2 81 113,83,113,addition
0 113 113,0,113,addition
55 30 113,85,113,addition
44 96 113,27,113,addition
24 101 113,12,113,addition
65 11 113,76,113,addition
48 94 113,29,113,addition
15 47 113,62,113,addition
27 12 113,39,113,addition
102 105 113,94,113,addition
43 37 113,80,113,addition
97 68 113,52,113,addition
54 109 113,50,113,addition
80 2 113,82,113,addition
2 21 113,23,113,addition
56 75 113,18,113,addition
100 27 113,14,113,addition
19 35 113,54,113,addition
74 74 113,35,113,addition
8 34 113,42,113,addition
89 26 113,2,113,addition
39 66 113,105,113,addition
94 45 113,26,113,addition
91 2 113,93,113,addition
53 21 113,74,113,addition
39 93 113,19,113,addition
73 31 113,104,113,addition
71 108 113,66,113,addition
87 11 113,98,113,addition
57 64 113,8,113,addition
47 71 113,5,113,addition
39 65 113,104,113,addition
98 48 113,33,113,addition
96 54 113,37,113,addition
23 60 113,83,113,addition
58 97 113,42,113,addition
111 56 113,54,113,addition
63 104 113,54,113,addition
24 63 113,87,113,addition
113 19 113,19,113,addition
71 51 113,9,113,addition
92 66 113,45,113,addition
37 87 113,11,113,addition
47 36 113,83,113,addition
23 58 113,81,113,addition
62 79 113,28,113,addition
98 2 113,100,113,addition
84 59 113,30,113,addition
113 73 113,73,113,addition
46 92 113,25,113,addition
35 67 113,102,113,addition
97 97 113,81,113,addition
12 113 113,12,113,addition
69 0 113,69,113,addition
37 95 113,19,113,addition
60 34 113,94,113,addition
78 15 113,93,113,addition
2 88 113,90,113,addition
32 16 113,48,113,addition
80 99 113,66,113,addition
37 14 113,51,113,addition
97 88 113,72,113,addition
1 78 113,79,113,addition
78 29 113,107,113,addition
87 107 113,81,113,addition
7 23 113,30,113,addition
36 39 113,75,113,addition
56 101 113,44,113,addition
4 9 113,13,113,addition
74 106 113,67,113,addition
6 29 113,35,113,addition
99 13 113,112,113,addition
10 72 113,82,113,addition
10 40 113,50,113,addition
98 97 113,82,113,addition
8 100 113,108,113,addition
105 71 113,63,113,addition
96 41 113,24,113,addition
74 97 113,58,113,addition
83 6 113,89,113,addition
24 56 113,80,113,addition
14 111 113,12,113,addition
60 96 113,43,113,addition
112 31 113,30,113,addition
67 86 113,40,113,addition
51 113 113,51,113,addition
17 71 113,88,113,addition
60 102 113,49,113,addition
93 81 113,61,113,addition
73 21 113,94,113,addition
75 109 113,71,113,addition
50 37 113,87,113,addition
9 85 113,94,113,addition
49 58 113,107,113,addition
104 27 113,18,113,addition
63 64 113,14,113,addition
39 99 113,25,113,addition
11 85 113,96,113,addition
86 57 113,30,113,addition
108 44 113,39,113,addition
53 98 113,38,113,addition
54 88 113,29,113,addition
103 107 113,97,113,addition
1 16 113,17,113,addition
87 56 113,30,113,addition
0 69 113,69,113,addition
54 111 113,52,113,addition
63 28 113,91,113,addition
52 36 113,88,113,addition
87 22 113,109,113,addition
112 92 113,91,113,addition
42 30 113,72,113,addition
20 111 113,18,113,addition
80 110 113,77,113,addition
65 27 113,92,113,addition
56 12 113,68,113,addition
61 68 113,16,113,addition
27 97 113,11,113,addition
33 13 113,46,113,addition
72 110 113,69,113,addition
112 55 113,54,113,addition
32 93 113,12,113,addition
75 13 113,88,113,addition
65 48 113,0,113,addition
18 111 113,16,113,addition
83 60 113,30,113,addition
102 111 113,100,113,addition
20 53 113,73,113,addition
0 48 113,48,113,addition
110 21 113,18,113,addition
30 23 113,53,113,addition
59 64 113,10,113,addition
14 54 113,68,113,addition
19 85 113,104,113,addition
67 73 113,27,113,addition
59 56 113,2,113,addition
102 48 113,37,113,addition
34 16 113,50,113,addition
3 21 113,24,113,addition
13 17 113,30,113,addition
94 31 113,12,113,addition
56 81 113,24,113,addition
87 76 113,50,113,addition
19 69 113,88,113,addition
44 0 113,44,113,addition
79 59 113,25,113,addition
62 61 113,10,113,addition
1 7 113,8,113,addition
72 3 113,75,113,addition
72 78 113,37,113,addition
2 60 113,62,113,addition
60 7 113,67,113,addition
77 3 113,80,113,addition
107 83 113,77,113,addition
105 105 113,97,113,addition
97 89 113,73,113,addition
20 75 113,95,113,addition
56 79 113,22,113,addition
96 59 113,42,113,addition
61 100 113,48,113,addition
46 101 113,34,113,addition
8 54 113,62,113,addition
46 69 113,2,113,addition
0 51 113,51,113,addition
37 54 113,91,113,addition
75 51 113,13,113,addition
107 77 113,71,113,addition
71 97 113,55,113,addition
99 71 113,57,113,addition
40 57 113,97,113,addition
113 33 113,33,113,addition
21 74 113,95,113,addition
11 86 113,97,113,addition
51 110 113,48,113,addition
21 20 113,41,113,addition
11 82 113,93,113,addition
49 40 113,89,113,addition
92 24 113,3,113,addition
45 109 113,41,113,addition
43 65 113,108,113,addition
11 38 113,49,113,addition
83 49 113,19,113,addition
43 26 113,69,113,addition
3 46 113,49,113,addition
108 57 113,52,113,addition
45 60 113,105,113,addition
59 16 113,75,113,addition
82 44 113,13,113,addition
60 95 113,42,113,addition
52 22 113,74,113,addition
98 22 113,7,113,addition
15 75 113,90,113,addition
41 61 113,102,113,addition
91 80 113,58,113,addition
49 6 113,55,113,addition
30 93 113,10,113,addition
7 83 113,90,113,addition
1 33 113,34,113,addition
40 87 113,14,113,addition
59 52 113,111,113,addition
80 98 113,65,113,addition
0 24 113,24,113,addition
95 92 113,74,113,addition
14 64 113,78,113,addition
40 85 113,12,113,addition
80 16 113,96,113,addition
9 20 113,29,113,addition
61 83 113,31,113,addition
44 101 113,32,113,addition
81 46 113,14,113,addition
17 4 113,21,113,addition
33 43 113,76,113,addition
106 6 113,112,113,addition
44 76 113,7,113,addition
105 42 113,34,113,addition
79 17 113,96,113,addition
36 10 113,46,113,addition
0 52 113,52,113,addition
26 6 113,32,113,addition
4 12 113,16,113,addition
9 100 113,109,113,addition
110 49 113,46,113,addition
96 43 113,26,113,addition
24 11 113,35,113,addition
17 17 113,34,113,addition
110 55 113,52,113,addition
4 29 113,33,113,addition
64 30 113,94,113,addition
63 7 113,70,113,addition
104 24 113,15,113,addition
89 86 113,62,113,addition
7 82 113,89,113,addition
33 69 113,102,113,addition
60 42 113,102,113,addition
106 99 113,92,113,addition
46 45 113,91,113,addition
59 40 113,99,113,addition
54 112 113,53,113,addition
36 93 113,16,113,addition
18 23 113,41,113,addition
62 105 113,54,113,addition
63 34 113,97,113,addition
85 20 113,105,113,addition
104 100 113,91,113,addition
0 30 113,30,113,addition
66 38 113,104,113,addition
14 12 113,26,113,addition
63 112 113,62,113,addition
5 94 113,99,113,addition
104 31 113,22,113,addition
80 15 113,95,113,addition
19 92 113,111,113,addition
94 42 113,23,113,addition
89 38 113,14,113,addition
0 40 113,40,113,addition
69 69 113,25,113,addition
100 111 113,98,113,addition
16 67 113,83,113,addition
95 88 113,70,113,addition
6 98 113,104,113,addition
45 21 113,66,113,addition
64 54 113,5,113,addition
81 100 113,68,113,addition
37 113 113,37,113,addition
2 92 113,94,113,addition
76 106 113,69,113,addition
45 3 113,48,113,addition
108 103 113,98,113,addition
59 72 113,18,113,addition
23 101 113,11,113,addition
16 74 113,90,113,addition
97 14 113,111,113,addition
104 95 113,86,113,addition
33 0 113,33,113,addition
15 12 113,27,113,addition
52 53 113,105,113,addition
77 66 113,30,113,addition
56 10 113,66,113,addition
80 10 113,90,113,addition
11 108 113,6,113,addition
100 19 113,6,113,addition
92 4 113,96,113,addition
16 24 113,40,113,addition
42 31 113,73,113,addition
76 10 113,86,113,addition
20 47 113,67,113,addition
100 108 113,95,113,addition
99 23 113,9,113,addition
86 3 113,89,113,addition
38 55 113,93,113,addition
11 107 113,5,113,addition
25 23 113,48,113,addition
31 30 113,61,113,addition
41 1 113,42,113,addition
80 96 113,63,113,addition
49 60 113,109,113,addition
37 25 113,62,113,addition
60 67 113,14,113,addition
60 5 113,65,113,addition
18 87 113,105,113,addition
83 40 113,10,113,addition
30 14 113,44,113,addition
57 3 113,60,113,addition
55 64 113,6,113,addition
33 21 113,54,113,addition
12 47 113,59,113,addition
112 76 113,75,113,addition
110 20 113,17,113,addition
70 57 113,14,113,addition
64 53 113,4,113,addition
98 93 113,78,113,addition
58 7 113,65,113,addition
101 61 113,49,113,addition
42 48 113,90,113,addition
106 17 113,10,113,addition
72 65 113,24,113,addition
78 33 113,111,113,addition
12 46 113,58,113,addition
76 80 113,43,113,addition
55 35 113,90,113,addition
75 47 113,9,113,addition
108 63 113,58,113,addition
12 82 113,94,113,addition
102 79 113,68,113,addition
107 0 113,107,113,addition
28 41 113,69,113,addition
40 104 113,31,113,addition
86 23 113,109,113,addition
105 101 113,93,113,addition
15 77 113,92,113,addition
31 77 113,108,113,addition
72 54 113,13,113,addition
99 55 113,41,113,addition
63 14 113,77,113,addition
104 58 113,49,113,addition
93 104 113,84,113,addition
83 90 113,60,113,addition
65 73 113,25,113,addition
107 12 113,6,113,addition
98 13 113,111,113,addition
0 44 113,44,113,addition
80 67 113,34,113,addition
3 102 113,105,113,addition
84 113 113,84,113,addition
78 108 113,73,113,addition
96 17 113,0,113,addition
8 81 113,89,113,addition
30 8 113,38,113,addition
54 82 113,23,113,addition
51 50 113,101,113,addition
49 110 113,46,113,addition
44 73 113,4,113,addition
13 66 113,79,113,addition
61 81 113,29,113,addition
105 82 113,74,113,addition
37 30 113,67,113,addition
56 39 113,95,113,addition
29 108 113,24,113,addition
63 40 113,103,113,addition
23 61 113,84,113,addition
63 1 113,64,113,addition
79 16 113,95,113,addition
30 95 113,12,113,addition
106 46 113,39,113,addition
0 110 113,110,113,addition
48 72 113,7,113,addition
32 72 113,104,113,addition
113 94 113,94,113,addition
107 107 113,101,113,addition
97 47 113,31,113,addition
109 13 113,9,113,addition
16 52 113,68,113,addition
61 27 113,88,113,addition
6 111 113,4,113,addition
47 79 113,13,113,addition
109 20 113,16,113,addition
49 50 113,99,113,addition
18 54 113,72,113,addition
90 25 113,2,113,addition
63 69 113,19,113,addition
58 2 113,60,113,addition
80 23 113,103,113,addition
40 43 113,83,113,addition
110 5 113,2,113,addition
23 72 113,95,113,addition
113 80 113,80,113,addition
59 13 113,72,113,addition
98 52 113,37,113,addition
112 110 113,109,113,addition
86 0 113,86,113,addition
98 69 113,54,113,addition
51 14 113,65,113,addition
41 29 113,70,113,addition
31 42 113,73,113,addition
71 84 113,42,113,addition
88 107 113,82,113,addition
34 25 113,59,113,addition
97 48 113,32,113,addition
8 101 113,109,113,addition
40 1 113,41,113,addition
52 26 113,78,113,addition
79 86 113,52,113,addition
26 34 113,60,113,addition
81 55 113,23,113,addition
109 111 113,107,113,addition
37 29 113,66,113,addition
81 16 113,97,113,addition
67 16 113,83,113,addition
97 109 113,93,113,addition
12 105 113,4,113,addition
108 85 113,80,113,addition
95 48 113,30,113,addition
111 12 113,10,113,addition
41 38 113,79,113,addition
22 63 113,85,113,addition
71 56 113,14,113,addition
23 103 113,13,113,addition
52 108 113,47,113,addition
2 99 113,101,113,addition
6 90 113,96,113,addition
22 3 113,25,113,addition
89 5 113,94,113,addition
86 110 113,83,113,addition
5 103 113,108,113,addition
82 108 113,77,113,addition
59 70 113,16,113,addition
57 10 113,67,113,addition
98 88 113,73,113,addition
85 45 113,17,113,addition
113 11 113,11,113,addition
106 83 113,76,113,addition
55 81 113,23,113,addition
111 88 113,86,113,addition
48 4 113,52,113,addition
2 109 113,111,113,addition
42 12 113,54,113,addition
45 88 113,20,113,addition
15 0 113,15,113,addition
21 60 113,81,113,addition
37 92 113,16,113,addition
107 98 113,92,113,addition
85 66 113,38,113,addition
99 97 113,83,113,addition
0 42 113,42,113,addition
107 78 113,72,113,addition
71 66 113,24,113,addition
11 83 113,94,113,addition
103 69 113,59,113,addition
79 84 113,50,113,addition
48 43 113,91,113,addition
11 44 113,55,113,addition
86 75 113,48,113,addition
24 88 113,112,113,addition
105 23 113,15,113,addition
65 101 113,53,113,addition
5 63 113,68,113,addition
46 46 113,92,113,addition
10 97 113,107,113,addition
50 94 113,31,113,addition
1 83 113,84,113,addition
78 87 113,52,113,addition
44 22 113,66,113,addition
90 9 113,99,113,addition
59 27 113,86,113,addition
97 6 113,103,113,addition
0 90 113,90,113,addition
22 2 113,24,113,addition
72 1 113,73,113,addition
99 20 113,6,113,addition
108 43 113,38,113,addition
17 49 113,66,113,addition
113 30 113,30,113,addition
3 7 113,10,113,addition
21 70 113,91,113,addition
18 41 113,59,113,addition
113 13 113,13,113,addition
60 109 113,56,113,addition
109 21 113,17,113,addition
36 56 113,92,113,addition
12 52 113,64,113,addition
3 67 113,70,113,addition
87 8 113,95,113,addition
12 8 113,20,113,addition
96 31 113,14,113,addition
54 81 113,22,113,addition
2 54 113,56,113,addition
98 109 113,94,113,addition
43 73 113,3,113,addition
46 44 113,90,113,addition
5 21 113,26,113,addition
44 8 113,52,113,addition
37 109 113,33,113,addition
82 95 113,64,113,addition
42 4 113,46,113,addition
104 17 113,8,113,addition
86 42 113,15,113,addition
103 29 113,19,113,addition
84 51 113,22,113,addition
84 29 113,0,113,addition
77 86 113,50,113,addition
49 46 113,95,113,addition
85 25 113,110,113,addition
89 85 113,61,113,addition
112 12 113,11,113,addition
8 77 113,85,113,addition
45 15 113,60,113,addition
62 101 113,50,113,addition
7 62 113,69,113,addition
6 57 113,63,113,addition
27 43 113,70,113,addition
77 13 113,90,113,addition
34 53 113,87,113,addition
26 50 113,76,113,addition
15 37 113,52,113,addition
91 15 113,106,113,addition
73 77 113,37,113,addition
73 15 113,88,113,addition
93 50 113,30,113,addition
55 42 113,97,113,addition
40 65 113,105,113,addition
75 44 113,6,113,addition
88 91 113,66,113,addition
59 92 113,38,113,addition
3 51 113,54,113,addition
34 101 113,22,113,addition
15 33 113,48,113,addition
110 56 113,53,113,addition
73 106 113,66,113,addition
104 2 113,106,113,addition
77 74 113,38,113,addition
68 70 113,25,113,addition
103 68 113,58,113,addition
111 18 113,16,113,addition
12 9 113,21,113,addition
94 18 113,112,113,addition
101 86 113,74,113,addition
14 35 113,49,113,addition
99 82 113,68,113,addition
77 64 113,28,113,addition
67 53 113,7,113,addition
6 76 113,82,113,addition
56 72 113,15,113,addition
95 19 113,1,113,addition
1 53 113,54,113,addition
86 113 113,86,113,addition
76 60 113,23,113,addition
30 3 113,33,113,addition
99 1 113,100,113,addition
64 70 113,21,113,addition
16 101 113,4,113,addition
17 52 113,69,113,addition
39 107 113,33,113,addition
71 3 113,74,113,addition
96 53 113,36,113,addition
32 29 113,61,113,addition
103 70 113,60,113,addition
64 63 113,14,113,addition
43 29 113,72,113,addition
102 33 113,22,113,addition
82 80 113,49,113,addition
89 22 113,111,113,addition
29 27 113,56,113,addition
78 0 113,78,113,addition
42 36 113,78,113,addition
92 48 113,27,113,addition
111 51 113,49,113,addition
38 41 113,79,113,addition
7 72 113,79,113,addition
9 28 113,37,113,addition
45 98 113,30,113,addition
60 43 113,103,113,addition
61 70 113,18,113,addition
13 1 113,14,113,addition
109 8 113,4,113,addition
110 109 113,106,113,addition
48 22 113,70,113,addition
106 40 113,33,113,addition
14 106 113,7,113,addition
39 0 113,39,113,addition
11 61 113,72,113,addition
48 59 113,107,113,addition
78 47 113,12,113,addition
111 45 113,43,113,addition
14 52 113,66,113,addition
76 55 113,18,113,addition
102 74 113,63,113,addition
43 18 113,61,113,addition
21 45 113,66,113,addition
26 60 113,86,113,addition
58 83 113,28,113,addition
108 81 113,76,113,addition
30 76 113,106,113,addition
18 32 113,50,113,addition
37 64 113,101,113,addition
83 82 113,52,113,addition
37 62 113,99,113,addition
96 98 113,81,113,addition
1 18 113,19,113,addition
64 102 113,53,113,addition
35 17 113,52,113,addition
70 39 113,109,113,addition
68 81 113,36,113,addition
80 58 113,25,113,addition
56 102 113,45,113,addition
21 13 113,34,113,addition
28 87 113,2,113,addition
27 31 113,58,113,addition
84 44 113,15,113,addition
5 40 113,45,113,addition
101 24 113,12,113,addition
6 41 113,47,113,addition
79 33 113,112,113,addition
79 51 113,17,113,addition
69 91 113,47,113,addition
30 109 113,26,113,addition
5 12 113,17,113,addition
26 8 113,34,113,addition
24 4 113,28,113,addition
1 6 113,7,113,addition
78 66 113,31,113,addition
56 2 113,58,113,addition
44 113 113,44,113,addition
71 40 113,111,113,addition
49 75 113,11,113,addition
3 81 113,84,113,addition
25 18 113,43,113,addition
18 79 113,97,113,addition
51 22 113,73,113,addition
67 107 113,61,113,addition
77 32 113,109,113,addition
95 55 113,37,113,addition
78 48 113,13,113,addition
84 100 113,71,113,addition
0 105 113,105,113,addition
26 95 113,8,113,addition
68 85 113,40,113,addition
59 21 113,80,113,addition
101 68 113,56,113,addition
95 94 113,76,113,addition
112 1 113,0,113,addition
109 78 113,74,113,addition
31 75 113,106,113,addition
19 28 113,47,113,addition
81 85 113,53,113,addition
11 70 113,81,113,addition
28 51 113,79,113,addition
41 16 113,57,113,addition
17 44 113,61,113,addition
99 105 113,91,113,addition
97 2 113,99,113,addition
44 39 113,83,113,addition
25 106 113,18,113,addition
16 89 113,105,113,addition
68 44 113,112,113,addition
62 26 113,88,113,addition
68 17 113,85,113,addition
36 98 113,21,113,addition
103 6 113,109,113,addition
55 65 113,7,113,addition
96 62 113,45,113,addition
49 66 113,2,113,addition
36 59 113,95,113,addition
62 47 113,109,113,addition
111 40 113,38,113,addition
64 51 113,2,113,addition
87 94 113,68,113,addition
58 69 113,14,113,addition
19 56 113,75,113,addition
4 30 113,34,113,addition
111 3 113,1,113,addition
37 80 113,4,113,addition
75 31 113,106,113,addition
54 53 113,107,113,addition
70 29 113,99,113,addition
86 2 113,88,113,addition
1 34 113,35,113,addition
101 7 113,108,113,addition
64 59 113,10,113,addition
31 91 113,9,113,addition
92 110 113,89,113,addition
20 112 113,19,113,addition
74 107 113,68,113,addition
40 105 113,32,113,addition
8 68 113,76,113,addition
108 49 113,44,113,addition
55 9 113,64,113,addition
66 79 113,32,113,addition
88 66 113,41,113,addition
39 26 113,65,113,addition
109 88 113,84,113,addition
105 98 113,90,113,addition
13 54 113,67,113,addition
12 96 113,108,113,addition
107 109 113,103,113,addition
41 59 113,100,113,addition
1 109 113,110,113,addition
106 91 113,84,113,addition
71 75 113,33,113,addition
4 58 113,62,113,addition
74 18 113,92,113,addition
22 38 113,60,113,addition
14 88 113,102,113,addition
63 81 113,31,113,addition
46 112 113,45,113,addition
42 46 113,88,113,addition
60 30 113,90,113,addition
82 66 113,35,113,addition
76 49 113,12,113,addition
44 77 113,8,113,addition
6 100 113,106,113,addition
5 47 113,52,113,addition
16 51 113,67,113,addition
48 41 113,89,113,addition
53 51 113,104,113,addition
38 70 113,108,113,addition
62 81 113,30,113,addition
58 93 113,38,113,addition
5 34 113,39,113,addition
49 38 113,87,113,addition
68 51 113,6,113,addition
0 75 113,75,113,addition
90 29 113,6,113,addition
70 61 113,18,113,addition
89 58 113,34,113,addition
65 61 113,13,113,addition
49 68 113,4,113,addition
38 16 113,54,113,addition
91 100 113,78,113,addition
59 5 113,64,113,addition
64 9 113,73,113,addition
83 4 113,87,113,addition
82 40 113,9,113,addition
53 40 113,93,113,addition
92 58 113,37,113,addition
32 37 113,69,113,addition
67 31 113,98,113,addition
35 2 113,37,113,addition
3 103 113,106,113,addition
48 30 113,78,113,addition
91 97 113,75,113,addition
96 9 113,105,113,addition
32 5 113,37,113,addition
65 69 113,21,113,addition
80 35 113,2,113,addition
77 34 113,111,113,addition
95 71 113,53,113,addition
33 75 113,108,113,addition
87 88 113,62,113,addition
7 54 113,61,113,addition
49 86 113,22,113,addition
76 95 113,58,113,addition
30 80 113,110,113,addition
58 105 113,50,113,addition
22 36 113,58,113,addition
16 59 113,75,113,addition
11 76 113,87,113,addition
45 83 113,15,113,addition
39 39 113,78,113,addition
107 74 113,68,113,addition
101 2 113,103,113,addition
2 91 113,93,113,addition
74 89 113,50,113,addition
53 60 113,0,113,addition
10 59 113,69,113,addition
38 19 113,57,113,addition
91 40 113,18,113,addition
27 49 113,76,113,addition
12 83 113,95,113,addition
30 38 113,68,113,addition
55 74 113,16,113,addition
84 84 113,55,113,addition
10 83 113,93,113,addition
27 70 113,97,113,addition
11 68 113,79,113,addition
2 14 113,16,113,addition
8 37 113,45,113,addition
73 53 113,13,113,addition
94 94 113,75,113,addition
17 97 113,1,113,addition
45 77 113,9,113,addition
26 24 113,50,113,addition
61 4 113,65,113,addition
55 75 113,17,113,addition
92 31 113,10,113,addition
20 100 113,7,113,addition
95 107 113,89,113,addition
65 45 113,110,113,addition
50 101 113,38,113,addition
28 56 113,84,113,addition
64 13 113,77,113,addition
30 2 113,32,113,addition
55 92 113,34,113,addition
111 93 113,91,113,addition
32 98 113,17,113,addition
72 67 113,26,113,addition
90 27 113,4,113,addition
62 3 113,65,113,addition
104 29 113,20,113,addition
33 22 113,55,113,addition
106 33 113,26,113,addition
4 89 113,93,113,addition
0 62 113,62,113,addition
92 36 113,15,113,addition
95 17 113,112,113,addition
42 111 113,40,113,addition
100 62 113,49,113,addition
13 50 113,63,113,addition
36 44 113,80,113,addition
74 68 113,29,113,addition
100 11 113,111,113,addition
75 49 113,11,113,addition
67 59 113,13,113,addition
99 36 113,22,113,addition
110 48 113,45,113,addition
19 14 113,33,113,addition
42 34 113,76,113,addition
102 107 113,96,113,addition
26 30 113,56,113,addition
78 39 113,4,113,addition
6 73 113,79,113,addition
73 109 113,69,113,addition
17 107 113,11,113,addition
74 84 113,45,113,addition
59 50 113,109,113,addition
93 21 113,1,113,addition
101 16 113,4,113,addition
41 69 113,110,113,addition
91 76 113,54,113,addition
34 55 113,89,113,addition
54 45 113,99,113,addition
63 94 113,44,113,addition
48 106 113,41,113,addition
93 89 113,69,113,addition
26 36 113,62,113,addition
78 109 113,74,113,addition
112 87 113,86,113,addition
2 28 113,30,113,addition
21 73 113,94,113,addition
60 72 113,19,113,addition
41 83 113,11,113,addition
41 41 113,82,113,addition
7 51 113,58,113,addition
51 111 113,49,113,addition
24 22 113,46,113,addition
60 86 113,33,113,addition
14 20 113,34,113,addition
65 9 113,74,113,addition
34 88 113,9,113,addition
84 58 113,29,113,addition
31 73 113,104,113,addition
11 15 113,26,113,addition
85 109 113,81,113,addition
41 44 113,85,113,addition
86 33 113,6,113,addition
48 3 113,51,113,addition
112 33 113,32,113,addition
22 102 113,11,113,addition
43 87 113,17,113,addition
17 90 113,107,113,addition
4 6 113,10,113,addition
74 61 113,22,113,addition
40 101 113,28,113,addition
27 10 113,37,113,addition
51 31 113,82,113,addition
92 53 113,32,113,addition
36 30 113,66,113,addition
48 108 113,43,113,addition
26 31 113,57,113,addition
60 33 113,93,113,addition
85 35 113,7,113,addition
71 45 113,3,113,addition
20 36 113,56,113,addition
41 77 113,5,113,addition
39 106 113,32,113,addition
31 95 113,13,113,addition
28 62 113,90,113,addition
57 46 113,103,113,addition
73 74 113,34,113,addition
55 96 113,38,113,addition
69 51 113,7,113,addition
8 105 113,0,113,addition
78 112 113,77,113,addition
38 27 113,65,113,addition
101 6 113,107,113,addition
45 49 113,94,113,addition
41 93 113,21,113,addition
33 107 113,27,113,addition
46 58 113,104,113,addition
25 53 113,78,113,addition
34 38 113,72,113,addition
113 50 113,50,113,addition
103 33 113,23,113,addition
13 51 113,64,113,addition
18 4 113,22,113,addition
112 24 113,23,113,addition
35 85 113,7,113,addition
89 27 113,3,113,addition
109 28 113,24,113,addition
36 81 113,4,113,addition
76 19 113,95,113,addition
99 85 113,71,113,addition
3 10 113,13,113,addition
104 56 113,47,113,addition
64 75 113,26,113,addition
60 68 113,15,113,addition
55 46 113,101,113,addition
83 33 113,3,113,addition
103 97 113,87,113,addition
8 87 113,95,113,addition
32 28 113,60,113,addition
84 46 113,17,113,addition
28 96 113,11,113,addition
109 16 113,12,113,addition
38 58 113,96,113,addition
54 106 113,47,113,addition
57 52 113,109,113,addition
48 61 113,109,113,addition
11 48 113,59,113,addition
5 111 113,3,113,addition
9 80 113,89,113,addition
26 87 113,0,113,addition
32 59 113,91,113,addition
88 68 113,43,113,addition
67 66 113,20,113,addition
51 76 113,14,113,addition
44 56 113,100,113,addition
89 110 113,86,113,addition
23 81 113,104,113,addition
30 96 113,13,113,addition
80 54 113,21,113,addition
87 64 113,38,113,addition
4 77 113,81,113,addition
102 37 113,26,113,addition
43 81 113,11,113,addition
23 13 113,36,113,addition
44 55 113,99,113,addition
65 77 113,29,113,addition
69 58 113,14,113,addition
26 56 113,82,113,addition
43 11 113,54,113,addition
0 14 113,14,113,addition
20 0 113,20,113,addition
99 31 113,17,113,addition
15 101 113,3,113,addition
54 56 113,110,113,addition
40 26 113,66,113,addition
22 54 113,76,113,addition
50 80 113,17,113,addition
61 57 113,5,113,addition
40 28 113,68,113,addition
64 73 113,24,113,addition
86 73 113,46,113,addition
98 60 113,45,113,addition
107 62 113,56,113,addition
14 0 113,14,113,addition
96 77 113,60,113,addition
87 45 113,19,113,addition
65 112 113,64,113,addition
4 37 113,41,113,addition
18 56 113,74,113,addition
32 80 113,112,113,addition
81 90 113,58,113,addition
93 62 113,42,113,addition
23 93 113,3,113,addition
29 106 113,22,113,addition
107 6 113,0,113,addition
15 42 113,57,113,addition
77 28 113,105,113,addition
50 112 113,49,113,addition
103 39 113,29,113,addition
51 83 113,21,113,addition
58 78 113,23,113,addition
91 47 113,25,113,addition
22 16 113,38,113,addition
64 7 113,71,113,addition
31 60 113,91,113,addition
31 8 113,39,113,addition
22 46 113,68,113,addition
103 102 113,92,113,addition
62 44 113,106,113,addition
72 80 113,39,113,addition
57 25 113,82,113,addition
55 13 113,68,113,addition
71 81 113,39,113,addition
105 63 113,55,113,addition
6 106 113,112,113,addition
67 17 113,84,113,addition
105 0 113,105,113,addition
113 78 113,78,113,addition
25 11 113,36,113,addition
104 18 113,9,113,addition
36 41 113,77,113,addition
25 71 113,96,113,addition
44 45 113,89,113,addition
30 75 113,105,113,addition
4 109 113,0,113,addition
107 86 113,80,113,addition
18 71 113,89,113,addition
0 58 113,58,113,addition
23 31 113,54,113,addition
10 31 113,41,113,addition
61 34 113,95,113,addition
51 78 113,16,113,addition
78 52 113,17,113,addition
18 64 113,82,113,addition
60 36 113,96,113,addition
88 13 113,101,113,addition
55 83 113,25,113,addition
4 19 113,23,113,addition
50 86 113,23,113,addition
93 33 113,13,113,addition
95 66 113,48,113,addition
10 76 113,86,113,addition
24 94 113,5,113,addition
31 84 113,2,113,addition
81 26 113,107,113,addition
72 34 113,106,113,addition
0 11 113,11,113,addition
57 29 113,86,113,addition
113 12 113,12,113,addition
111 85 113,83,113,addition
4 69 113,73,113,addition
29 2 113,31,113,addition
11 100 113,111,113,addition
35 113 113,35,113,addition
2 90 113,92,113,addition
74 98 113,59,113,addition
88 37 113,12,113,addition
21 100 113,8,113,addition
96 66 113,49,113,addition
99 56 113,42,113,addition
67 78 113,32,113,addition
7 0 113,7,113,addition
49 71 113,7,113,addition
20 89 113,109,113,addition
88 103 113,78,113,addition
61 1 113,62,113,addition
102 82 113,71,113,addition
23 29 113,52,113,addition
53 30 113,83,113,addition
87 58 113,32,113,addition
66 60 113,13,113,addition
58 90 113,35,113,addition
69 1 113,70,113,addition
35 59 113,94,113,addition
2 79 113,81,113,addition
18 101 113,6,113,addition
82 58 113,27,113,addition
8 57 113,65,113,addition
108 97 113,92,113,addition
48 77 113,12,113,addition
59 75 113,21,113,addition
71 86 113,44,113,addition
19 67 113,86,113,addition
104 8 113,112,113,addition
1 12 113,13,113,addition
40 112 113,39,113,addition
60 26 113,86,113,addition
64 83 113,34,113,addition
69 17 113,86,113,addition
47 57 113,104,113,addition
73 12 113,85,113,addition
100 68 113,55,113,addition
104 67 113,58,113,addition
46 81 113,14,113,addition
113 45 113,45,113,addition
92 32 113,11,113,addition
90 59 113,36,113,addition
37 20 113,57,113,addition
71 8 113,79,113,addition
79 23 113,102,113,addition
25 1 113,26,113,addition
72 98 113,57,113,addition
70 87 113,44,113,addition
26 89 113,2,113,addition
88 24 113,112,113,addition
95 10 113,105,113,addition
63 19 113,82,113,addition
45 57 113,102,113,addition
67 109 113,63,113,addition
15 40 113,55,113,addition
7 63 113,70,113,addition
73 85 113,45,113,addition
38 32 113,70,113,addition
8 73 113,81,113,addition
33 5 113,38,113,addition
9 30 113,39,113,addition
53 86 113,26,113,addition
78 79 113,44,113,addition
56 105 113,48,113,addition
21 101 113,9,113,addition
102 49 113,38,113,addition
7 59 113,66,113,addition
11 30 113,41,113,addition
70 2 113,72,113,addition
112 35 113,34,113,addition
79 11 113,90,113,addition
44 44 113,88,113,addition
110 104 113,101,113,addition
17 26 113,43,113,addition
96 8 113,104,113,addition
73 10 113,83,113,addition
111 17 113,15,113,addition
71 49 113,7,113,addition
32 7 113,39,113,addition
106 78 113,71,113,addition
38 91 113,16,113,addition
29 9 113,38,113,addition
113 42 113,42,113,addition
0 16 113,16,113,addition
78 12 113,90,113,addition
66 95 113,48,113,addition
41 63 113,104,113,addition
107 42 113,36,113,addition
83 97 113,67,113,addition
85 30 113,2,113,addition
13 44 113,57,113,addition
60 28 113,88,113,addition
23 75 113,98,113,addition
103 48 113,38,113,addition
92 41 113,20,113,addition
53 6 113,59,113,addition
62 78 113,27,113,addition
109 71 113,67,113,addition
51 58 113,109,113,addition
40 20 113,60,113,addition
15 110 113,12,113,addition
42 57 113,99,113,addition
7 84 113,91,113,addition
38 73 113,111,113,addition
91 60 113,38,113,addition
101 92 113,80,113,addition
91 18 113,109,113,addition
58 12 113,70,113,addition
54 4 113,58,113,addition
30 66 113,96,113,addition
55 73 113,15,113,addition
52 65 113,4,113,addition
89 53 113,29,113,addition
96 3 113,99,113,addition
59 109 113,55,113,addition
46 61 113,107,113,addition
37 22 113,59,113,addition
95 41 113,23,113,addition
86 100 113,73,113,addition
9 8 113,17,113,addition
45 104 113,36,113,addition
1 86 113,87,113,addition
28 81 113,109,113,addition
63 23 113,86,113,addition
42 0 113,42,113,addition
69 101 113,57,113,addition
86 102 113,75,113,addition
57 62 113,6,113,addition
95 95 113,77,113,addition
91 78 113,56,113,addition
30 105 113,22,113,addition
96 23 113,6,113,addition
75 102 113,64,113,addition
47 51 113,98,113,addition
94 73 113,54,113,addition
43 52 113,95,113,addition
103 90 113,80,113,addition
57 71 113,15,113,addition
109 18 113,14,113,addition
13 58 113,71,113,addition
81 74 113,42,113,addition
5 41 113,46,113,addition
81 45 113,13,113,addition
86 80 113,53,113,addition
5 105 113,110,113,addition
69 87 113,43,113,addition
42 66 113,108,113,addition
50 59 113,109,113,addition
78 92 113,57,113,addition
101 81 113,69,113,addition
98 11 113,109,113,addition
105 109 113,101,113,addition
4 55 113,59,113,addition
46 26 113,72,113,addition
4 24 113,28,113,addition
13 90 113,103,113,addition
86 68 113,41,113,addition
85 26 113,111,113,addition
62 60 113,9,113,addition
65 39 113,104,113,addition
113 25 113,25,113,addition
28 22 113,50,113,addition
71 37 113,108,113,addition
58 4 113,62,113,addition
30 13 113,43,113,addition
86 45 113,18,113,addition
69 32 113,101,113,addition
99 51 113,37,113,addition
5 64 113,69,113,addition
57 59 113,3,113,addition
88 17 113,105,113,addition
20 99 113,6,113,addition
42 92 113,21,113,addition
70 111 113,68,113,addition
82 10 113,92,113,addition
69 84 113,40,113,addition
94 17 113,111,113,addition
0 101 113,101,113,addition
32 41 113,73,113,addition
82 101 113,70,113,addition
75 106 113,68,113,addition
33 83 113,3,113,addition
16 58 113,74,113,addition
53 87 113,27,113,addition
92 10 113,102,113,addition
28 18 113,46,113,addition
98 9 113,107,113,addition
82 73 113,42,113,addition
70 25 113,95,113,addition
27 106 113,20,113,addition
20 51 113,71,113,addition
104 62 113,53,113,addition
58 44 113,102,113,addition
5 14 113,19,113,addition
37 6 113,43,113,addition
35 36 113,71,113,addition
31 88 113,6,113,addition
79 85 113,51,113,addition
7 34 113,41,113,addition
105 21 113,13,113,addition
64 84 113,35,113,addition
105 27 113,19,113,addition
12 66 113,78,113,addition
4 36 113,40,113,addition
54 49 113,103,113,addition
21 3 113,24,113,addition
4 41 113,45,113,addition
44 106 113,37,113,addition
80 0 113,80,113,addition
50 92 113,29,113,addition
67 0 113,67,113,addition
54 5 113,59,113,addition
85 92 113,64,113,addition
27 22 113,49,113,addition
79 106 113,72,113,addition
42 96 113,25,113,addition
75 59 113,21,113,addition
77 54 113,18,113,addition
104 59 113,50,113,addition
73 43 113,3,113,addition
65 35 113,100,113,addition
48 95 113,30,113,addition
96 13 113,109,113,addition
112 9 113,8,113,addition
82 92 113,61,113,addition
13 53 113,66,113,addition
59 61 113,7,113,addition
113 8 113,8,113,addition
43 27 113,70,113,addition
94 84 113,65,113,addition
34 4 113,38,113,addition
21 42 113,63,113,addition
58 73 113,18,113,addition
50 33 113,83,113,addition
17 66 113,83,113,addition
108 73 113,68,113,addition
18 57 113,75,113,addition
41 18 113,59,113,addition
62 10 113,72,113,addition
75 84 113,46,113,addition
0 0 113,0,113,addition
21 95 113,3,113,addition
29 111 113,27,113,addition
89 47 113,23,113,addition
111 31 113,29,113,addition
35 13 113,48,113,addition
12 16 113,28,113,addition
36 85 113,8,113,addition
25 72 113,97,113,addition
63 67 113,17,113,addition
58 107 113,52,113,addition
68 93 113,48,113,addition
20 58 113,78,113,addition
18 18 113,36,113,addition
83 86 113,56,113,addition
112 52 113,51,113,addition
51 85 113,23,113,addition
9 22 113,31,113,addition
55 85 113,27,113,addition
80 19 113,99,113,addition
18 55 113,73,113,addition
89 9 113,98,113,addition
44 47 113,91,113,addition
50 6 113,56,113,addition
92 30 113,9,113,addition
48 51 113,99,113,addition
49 9 113,58,113,addition
13 98 113,111,113,addition
53 7 113,60,113,addition
70 1 113,71,113,addition
50 23 113,73,113,addition
110 8 113,5,113,addition
61 45 113,106,113,addition
22 52 113,74,113,addition
91 85 113,63,113,addition
58 32 113,90,113,addition
82 37 113,6,113,addition
16 110 113,13,113,addition
56 58 113,1,113,addition
108 93 113,88,113,addition
18 65 113,83,113,addition
43 59 113,102,113,addition
25 19 113,44,113,addition
15 62 113,77,113,addition
108 36 113,31,113,addition
76 48 113,11,113,addition
62 80 113,29,113,addition
49 51 113,100,113,addition
13 101 113,1,113,addition
4 81 113,85,113,addition
33 109 113,29,113,addition
69 99 113,55,113,addition
10 22 113,32,113,addition
75 111 113,73,113,addition
0 89 113,89,113,addition
65 87 113,39,113,addition
104 113 113,104,113,addition
106 56 113,49,113,addition
40 94 113,21,113,addition
5 24 113,29,113,addition
25 80 113,105,113,addition
93 36 113,16,113,addition
1 24 113,25,113,addition
42 61 113,103,113,addition
65 26 113,91,113,addition
85 47 113,19,113,addition
30 62 113,92,113,addition
100 37 113,24,113,addition
109 25 113,21,113,addition
28 112 113,27,113,addition
33 74 113,107,113,addition
72 69 113,28,113,addition
21 14 113,35,113,addition
54 62 113,3,113,addition
93 86 113,66,113,addition
71 48 113,6,113,addition
82 106 113,75,113,addition
107 91 113,85,113,addition
74 76 113,37,113,addition
105 76 113,68,113,addition
6 65 113,71,113,addition
47 54 113,101,113,addition
6 23 113,29,113,addition
70 73 113,30,113,addition
33 11 113,44,113,addition
111 110 113,108,113,addition
97 18 113,2,113,addition
7 48 113,55,113,addition
14 81 113,95,113,addition
108 47 113,42,113,addition
112 2 113,1,113,addition
79 107 113,73,113,addition
92 27 113,6,113,addition
54 61 113,2,113,addition
88 4 113,92,113,addition
46 19 113,65,113,addition
5 60 113,65,113,addition
34 44 113,78,113,addition
24 44 113,68,113,addition
47 0 113,47,113,addition
42 87 113,16,113,addition
99 21 113,7,113,addition
43 79 113,9,113,addition
51 16 113,67,113,addition
94 99 113,80,113,addition
12 34 113,46,113,addition
91 61 113,39,113,addition
21 88 113,109,113,addition
33 1 113,34,113,addition
82 107 113,76,113,addition
10 78 113,88,113,addition
113 17 113,17,113,addition
20 28 113,48,113,addition
10 69 113,79,113,addition
82 15 113,97,113,addition
40 93 113,20,113,addition
21 59 113,80,113,addition
16 69 113,85,113,addition
59 106 113,52,113,addition
56 59 113,2,113,addition
87 100 113,74,113,addition
24 34 113,58,113,addition
73 3 113,76,113,addition
38 71 113,109,113,addition
35 15 113,50,113,addition
2 64 113,66,113,addition
110 11 113,8,113,addition
57 51 113,108,113,addition
55 12 113,67,113,addition
37 93 113,17,113,addition
47 93 113,27,113,addition
23 70 113,93,113,addition
101 103 113,91,113,addition
9 75 113,84,113,addition
108 35 113,30,113,addition
11 40 113,51,113,addition
1 94 113,95,113,addition
12 48 113,60,113,addition
19 98 113,4,113,addition
11 69 113,80,113,addition
69 29 113,98,113,addition
26 27 113,53,113,addition
110 51 113,48,113,addition
40 0 113,40,113,addition
90 82 113,59,113,addition
87 71 113,45,113,addition
57 2 113,59,113,addition
78 22 113,100,113,addition
62 71 113,20,113,addition
60 53 113,0,113,addition
49 47 113,96,113,addition
65 79 113,31,113,addition
62 59 113,8,113,addition
21 112 113,20,113,addition
99 4 113,103,113,addition
13 39 113,52,113,addition
39 96 113,22,113,addition
43 102 113,32,113,addition
94 83 113,64,113,addition
44 49 113,93,113,addition
38 83 113,8,113,addition
45 41 113,86,113,addition
37 38 113,75,113,addition
10 79 113,89,113,addition
76 62 113,25,113,addition
91 79 113,57,113,addition
61 56 113,4,113,addition
83 81 113,51,113,addition
2 42 113,44,113,addition
72 73 113,32,113,addition
109 32 113,28,113,addition
72 2 113,74,113,addition
2 15 113,17,113,addition
74 88 113,49,113,addition
45 46 113,91,113,addition
12 78 113,90,113,addition
100 88 113,75,113,addition
15 104 113,6,113,addition
26 80 113,106,113,addition
71 0 113,71,113,addition
1 10 113,11,113,addition
64 21 113,85,113,addition
58 75 113,20,113,addition
28 9 113,37,113,addition
83 27 113,110,113,addition
84 71 113,42,113,addition
84 75 113,46,113,addition
69 80 113,36,113,addition
37 98 113,22,113,addition
103 73 113,63,113,addition
15 10 113,25,113,addition
104 68 113,59,113,addition
91 8 113,99,113,addition
65 32 113,97,113,addition
32 65 113,97,113,addition
55 71 113,13,113,addition
69 21 113,90,113,addition
60 71 113,18,113,addition
46 6 113,52,113,addition
68 75 113,30,113,addition
55 1 113,56,113,addition
89 34 113,10,113,addition
79 20 113,99,113,addition
96 34 113,17,113,addition
83 3 113,86,113,addition
105 104 113,96,113,addition
112 96 113,95,113,addition
7 64 113,71,113,addition
82 88 113,57,113,addition
104 110 113,101,113,addition
29 26 113,55,113,addition
24 24 113,48,113,addition
13 95 113,108,113,addition
82 26 113,108,113,addition
19 87 113,106,113,addition
67 19 113,86,113,addition
108 90 113,85,113,addition
102 27 113,16,113,addition
16 50 113,66,113,addition
22 7 113,29,113,addition
59 62 113,8,113,addition
32 33 113,65,113,addition
42 41 113,83,113,addition
79 7 113,86,113,addition
33 111 113,31,113,addition
29 66 113,95,113,addition
97 95 113,79,113,addition
86 53 113,26,113,addition
68 87 113,42,113,addition
16 6 113,22,113,addition
106 21 113,14,113,addition
102 98 113,87,113,addition
50 110 113,47,113,addition
95 12 113,107,113,addition
93 41 113,21,113,addition
45 31 113,76,113,addition
19 73 113,92,113,addition
103 89 113,79,113,addition
10 57 113,67,113,addition
5 85 113,90,113,addition
45 11 113,56,113,addition
21 106 113,14,113,addition
97 20 113,4,113,addition
81 20 113,101,113,addition
72 92 113,51,113,addition
30 111 113,28,113,addition
4 99 113,103,113,addition
29 48 113,77,113,addition
63 39 113,102,113,addition
110 43 113,40,113,addition
33 41 113,74,113,addition
45 96 113,28,113,addition
6 51 113,57,113,addition
90 38 113,15,113,addition
45 1 113,46,113,addition
70 94 113,51,113,addition
30 60 113,90,113,addition
82 14 113,96,113,addition
113 36 113,36,113,addition
8 96 113,104,113,addition
46 53 113,99,113,addition
101 53 113,41,113,addition
8 1 113,9,113,addition
51 60 113,111,113,addition
0 3 113,3,113,addition
95 16 113,111,113,addition
16 16 113,32,113,addition
74 108 113,69,113,addition
105 53 113,45,113,addition
9 83 113,92,113,addition
24 60 113,84,113,addition
35 53 113,88,113,addition
4 7 113,11,113,addition
35 90 113,12,113,addition
103 111 113,101,113,addition
42 107 113,36,113,addition
95 3 113,98,113,addition
92 81 113,60,113,addition
78 90 113,55,113,addition
75 91 113,53,113,addition
45 97 113,29,113,addition
66 25 113,91,113,addition
91 7 113,98,113,addition
79 41 113,7,113,addition
28 80 113,108,113,addition
87 44 113,18,113,addition
111 23 113,21,113,addition
33 57 113,90,113,addition
21 81 113,102,113,addition
77 42 113,6,113,addition
11 37 113,48,113,addition
27 53 113,80,113,addition
50 7 113,57,113,addition
71 94 113,52,113,addition
108 102 113,97,113,addition
107 73 113,67,113,addition
49 89 113,25,113,addition
103 99 113,89,113,addition
54 68 113,9,113,addition
61 3 113,64,113,addition
13 12 113,25,113,addition
44 20 113,64,113,addition
19 106 113,12,113,addition
74 56 113,17,113,addition
102 18 113,7,113,addition
55 27 113,82,113,addition
109 94 113,90,113,addition
112 57 113,56,113,addition
67 23 113,90,113,addition
100 90 113,77,113,addition
80 1 113,81,113,addition
30 52 113,82,113,addition
32 64 113,96,113,addition
111 97 113,95,113,addition
75 74 113,36,113,addition
9 99 113,108,113,addition
54 18 113,72,113,addition
24 52 113,76,113,addition
13 11 113,24,113,addition
95 109 113,91,113,addition
90 10 113,100,113,addition
70 54 113,11,113,addition
91 43 113,21,113,addition
84 95 113,66,113,addition
44 4 113,48,113,addition
82 79 113,48,113,addition
11 111 113,9,113,addition
40 52 113,92,113,addition
90 53 113,30,113,addition
55 6 113,61,113,addition
14 59 113,73,113,addition
76 82 113,45,113,addition
82 19 113,101,113,addition
85 23 113,108,113,addition
110 84 113,81,113,addition
102 36 113,25,113,addition
85 14 113,99,113,addition
67 11 113,78,113,addition
65 54 113,6,113,addition
99 38 113,24,113,addition
22 33 113,55,113,addition
98 54 113,39,113,addition
74 12 113,86,113,addition
39 55 113,94,113,addition
111 91 113,89,113,addition
101 101 113,89,113,addition
74 81 113,42,113,addition
19 17 113,36,113,addition
68 60 113,15,113,addition
32 24 113,56,113,addition
60 62 113,9,113,addition
56 19 113,75,113,addition
34 78 113,112,113,addition
47 108 113,42,113,addition
69 41 113,110,113,addition
42 50 113,92,113,addition
43 103 113,33,113,addition
56 20 113,76,113,addition
51 54 113,105,113,addition
72 63 113,22,113,addition
14 87 113,101,113,addition
30 40 113,70,113,addition
79 29 113,108,113,addition
62 29 113,91,113,addition
47 111 113,45,113,addition
67 72 113,26,113,addition
6 95 113,101,113,addition
111 96 113,94,113,addition
8 9 113,17,113,addition
30 61 113,91,113,addition
89 76 113,52,113,addition
95 0 113,95,113,addition
113 58 113,58,113,addition
87 110 113,84,113,addition
61 39 113,100,113,addition
73 2 113,75,113,addition
7 24 113,31,113,addition
0 61 113,61,113,addition
90 52 113,29,113,addition
13 88 113,101,113,addition
11 42 113,53,113,addition
21 40 113,61,113,addition
95 47 113,29,113,addition
6 58 113,64,113,addition
55 110 113,52,113,addition
91 42 113,20,113,addition
92 47 113,26,113,addition
63 97 113,47,113,addition
73 113 113,73,113,addition
80 71 113,38,113,addition
37 1 113,38,113,addition
21 84 113,105,113,addition
18 93 113,111,113,addition
107 72 113,66,113,addition
106 68 113,61,113,addition
60 101 113,48,113,addition
69 81 113,37,113,addition
67 97 113,51,113,addition
79 64 113,30,113,addition
104 60 113,51,113,addition
102 99 113,88,113,addition
101 95 113,83,113,addition
24 53 113,77,113,addition
78 32 113,110,113,addition
93 111 113,91,113,addition
105 64 113,56,113,addition
97 5 113,102,113,addition
74 24 113,98,113,addition
111 76 113,74,113,addition
106 100 113,93,113,addition
87 18 113,105,113,addition
36 90 113,13,113,addition
81 4 113,85,113,addition
113 38 113,38,113,addition
40 32 113,72,113,addition
28 31 113,59,113,addition
31 56 113,87,113,addition
61 38 113,99,113,addition
15 5 113,20,113,addition
18 13 113,31,113,addition
104 20 113,11,113,addition
83 80 113,50,113,addition
51 8 113,59,113,addition
105 102 113,94,113,addition
28 73 113,101,113,addition
48 21 113,69,113,addition
72 93 113,52,113,addition
35 96 113,18,113,addition
11 79 113,90,113,addition
87 50 113,24,113,addition
46 107 113,40,113,addition
100 101 113,88,113,addition
87 52 113,26,113,addition
98 27 113,12,113,addition
22 11 113,33,113,addition
81 109 113,77,113,addition
103 46 113,36,113,addition
76 94 113,57,113,addition
91 58 113,36,113,addition
106 65 113,58,113,addition
79 48 113,14,113,addition
10 36 113,46,113,addition
62 62 113,11,113,addition
58 57 113,2,113,addition
53 74 113,14,113,addition
63 73 113,23,113,addition
100 42 113,29,113,addition
95 80 113,62,113,addition
107 63 113,57,113,addition
35 83 113,5,113,addition
91 11 113,102,113,addition
5 56 113,61,113,addition
92 76 113,55,113,addition
64 108 113,59,113,addition
91 4 113,95,113,addition
91 83 113,61,113,addition
60 85 113,32,113,addition
64 33 113,97,113,addition
79 96 113,62,113,addition
69 103 113,59,113,addition
60 107 113,54,113,addition
